solid zone0
 facet normal 0 0 -1
  outer loop
   vertex -0.011801 4.30217e-05 0.15
   vertex -0.0117959 0.000213499 0.15
   vertex 0.00672384 -0.00909295 0.15
  endloop
 endfacet
 facet normal 0 0 -1
  outer loop
   vertex -0.0117959 0.000213499 0.15
   vertex -0.0117821 0.000407517 0.15
   vertex 0.00672384 -0.00909295 0.15
  endloop
 endfacet
 facet normal 0 -0 -1
  outer loop
   vertex 0.00755948 0.003952 0.15
   vertex 0.00762329 0.000648563 0.15
   vertex -0.0108236 0.00309982 0.15
  endloop
 endfacet
 facet normal -0 0 -1
  outer loop
   vertex 0.00733149 -0.00707201 0.15
   vertex 0.00726836 -0.00743805 0.15
   vertex -0.0116798 0.00104497 0.15
  endloop
 endfacet
 facet normal 0 0 -1
  outer loop
   vertex -0.00996594 -0.0043424 0.15
   vertex -0.0102613 -0.00395145 0.15
   vertex 0.00672384 -0.00909295 0.15
  endloop
 endfacet
 facet normal 0 0 -1
  outer loop
   vertex -0.0102613 -0.00395145 0.15
   vertex -0.0105162 -0.0035863 0.15
   vertex 0.00672384 -0.00909295 0.15
  endloop
 endfacet
 facet normal 0 0 -1
  outer loop
   vertex 0.00672384 -0.00909295 0.15
   vertex -0.0105162 -0.0035863 0.15
   vertex -0.0107357 -0.0032451 0.15
  endloop
 endfacet
 facet normal 0 0 -1
  outer loop
   vertex -0.0117821 0.000407517 0.15
   vertex -0.0117589 0.000610001 0.15
   vertex 0.00672384 -0.00909295 0.15
  endloop
 endfacet
 facet normal 0 0 -1
  outer loop
   vertex -0.0117589 0.000610001 0.15
   vertex -0.0117252 0.00082223 0.15
   vertex 0.00672384 -0.00909295 0.15
  endloop
 endfacet
 facet normal 0 0 -1
  outer loop
   vertex 0.00672384 -0.00909295 0.15
   vertex -0.0117252 0.00082223 0.15
   vertex -0.0116798 0.00104497 0.15
  endloop
 endfacet
 facet normal -0 -0 -1
  outer loop
   vertex 0.00737568 0.00676016 0.15
   vertex 0.0074376 0.00619878 0.15
   vertex 0.00212285 0.0106748 0.15
  endloop
 endfacet
 facet normal 0 0 -1
  outer loop
   vertex -0.0112854 0.00221161 0.15
   vertex -0.0111558 0.00248815 0.15
   vertex 0.00762329 0.000648563 0.15
  endloop
 endfacet
 facet normal 0 0 -1
  outer loop
   vertex -0.0111558 0.00248815 0.15
   vertex -0.0110031 0.00278346 0.15
   vertex 0.00762329 0.000648563 0.15
  endloop
 endfacet
 facet normal 0 0 -1
  outer loop
   vertex 0.00762329 0.000648563 0.15
   vertex -0.0110031 0.00278346 0.15
   vertex -0.0108236 0.00309982 0.15
  endloop
 endfacet
 facet normal 0 0 -1
  outer loop
   vertex 0.00310547 -0.0107369 0.15
   vertex 0.00272044 -0.0107232 0.15
   vertex 0.00672384 -0.00909295 0.15
  endloop
 endfacet
 facet normal 0 0 -1
  outer loop
   vertex 0.00310547 -0.0107369 0.15
   vertex 0.00672384 -0.00909295 0.15
   vertex 0.00344265 -0.0107358 0.15
  endloop
 endfacet
 facet normal 0 0 -1
  outer loop
   vertex -0.000370883 0.0102094 0.15
   vertex 0.000380508 0.010387 0.15
   vertex 0.00750013 0.00535061 0.15
  endloop
 endfacet
 facet normal 0 0 -1
  outer loop
   vertex 0.000380508 0.010387 0.15
   vertex 0.00104009 0.0105182 0.15
   vertex 0.00750013 0.00535061 0.15
  endloop
 endfacet
 facet normal 0 0 -1
  outer loop
   vertex 0.00750013 0.00535061 0.15
   vertex 0.00104009 0.0105182 0.15
   vertex 0.0074376 0.00619878 0.15
  endloop
 endfacet
 facet normal 0 0 -1
  outer loop
   vertex 0.00104009 0.0105182 0.15
   vertex 0.00161906 0.010612 0.15
   vertex 0.0074376 0.00619878 0.15
  endloop
 endfacet
 facet normal 0 0 -1
  outer loop
   vertex 0.0074376 0.00619878 0.15
   vertex 0.00161906 0.010612 0.15
   vertex 0.00212285 0.0106748 0.15
  endloop
 endfacet
 facet normal -0 0 -1
  outer loop
   vertex 0.007549 -0.00425478 0.15
   vertex 0.00747147 -0.00579075 0.15
   vertex -0.0116798 0.00104497 0.15
  endloop
 endfacet
 facet normal -0 0 -1
  outer loop
   vertex 0.00747147 -0.00579075 0.15
   vertex 0.00740276 -0.00653682 0.15
   vertex -0.0116798 0.00104497 0.15
  endloop
 endfacet
 facet normal 0 0 -1
  outer loop
   vertex -0.0116798 0.00104497 0.15
   vertex 0.00740276 -0.00653682 0.15
   vertex 0.00733149 -0.00707201 0.15
  endloop
 endfacet
 facet normal -0 0 -1
  outer loop
   vertex 0.00726836 -0.00743805 0.15
   vertex 0.00720331 -0.00774821 0.15
   vertex -0.0116798 0.00104497 0.15
  endloop
 endfacet
 facet normal -0 0 -1
  outer loop
   vertex 0.00720331 -0.00774821 0.15
   vertex 0.00713695 -0.00801545 0.15
   vertex -0.0116798 0.00104497 0.15
  endloop
 endfacet
 facet normal 0 0 -1
  outer loop
   vertex -0.0116798 0.00104497 0.15
   vertex 0.00713695 -0.00801545 0.15
   vertex 0.00706971 -0.00824877 0.15
  endloop
 endfacet
 facet normal 0 0 -1
  outer loop
   vertex -0.00578928 -0.00796393 0.15
   vertex -0.00640736 -0.00757297 0.15
   vertex 0.00672384 -0.00909295 0.15
  endloop
 endfacet
 facet normal 0 0 -1
  outer loop
   vertex -0.00640736 -0.00757297 0.15
   vertex -0.00697285 -0.00718326 0.15
   vertex 0.00672384 -0.00909295 0.15
  endloop
 endfacet
 facet normal 0 0 -1
  outer loop
   vertex 0.00672384 -0.00909295 0.15
   vertex -0.00697285 -0.00718326 0.15
   vertex -0.00749386 -0.00679289 0.15
  endloop
 endfacet
 facet normal 0 0 -1
  outer loop
   vertex -0.0107357 -0.0032451 0.15
   vertex -0.0109244 -0.00292582 0.15
   vertex 0.00672384 -0.00909295 0.15
  endloop
 endfacet
 facet normal 0 0 -1
  outer loop
   vertex -0.0109244 -0.00292582 0.15
   vertex -0.0110861 -0.00262642 0.15
   vertex 0.00672384 -0.00909295 0.15
  endloop
 endfacet
 facet normal 0 0 -1
  outer loop
   vertex 0.00672384 -0.00909295 0.15
   vertex -0.0110861 -0.00262642 0.15
   vertex -0.0112245 -0.00234496 0.15
  endloop
 endfacet
 facet normal 0 0 -1
  outer loop
   vertex -0.0108236 0.00309982 0.15
   vertex -0.0106127 0.00343972 0.15
   vertex 0.00755948 0.003952 0.15
  endloop
 endfacet
 facet normal 0 0 -1
  outer loop
   vertex -0.0106127 0.00343972 0.15
   vertex -0.0103655 0.00380575 0.15
   vertex 0.00755948 0.003952 0.15
  endloop
 endfacet
 facet normal -0 0 -1
  outer loop
   vertex 0.00755948 0.003952 0.15
   vertex -0.0103655 0.00380575 0.15
   vertex 0.00750013 0.00535061 0.15
  endloop
 endfacet
 facet normal 0 0 -1
  outer loop
   vertex -0.0103655 0.00380575 0.15
   vertex -0.0100752 0.00420133 0.15
   vertex 0.00750013 0.00535061 0.15
  endloop
 endfacet
 facet normal 0 0 -1
  outer loop
   vertex 0.00750013 0.00535061 0.15
   vertex -0.0100752 0.00420133 0.15
   vertex -0.00971876 0.00464816 0.15
  endloop
 endfacet
 facet normal 0 0 -1
  outer loop
   vertex -0.0115642 0.00147487 0.15
   vertex -0.0114872 0.00170672 0.15
   vertex 0.00762329 0.000648563 0.15
  endloop
 endfacet
 facet normal 0 0 -1
  outer loop
   vertex -0.0114872 0.00170672 0.15
   vertex -0.0113949 0.00195175 0.15
   vertex 0.00762329 0.000648563 0.15
  endloop
 endfacet
 facet normal 0 0 -1
  outer loop
   vertex 0.00762329 0.000648563 0.15
   vertex -0.0113949 0.00195175 0.15
   vertex -0.0112854 0.00221161 0.15
  endloop
 endfacet
 facet normal 0 0 -1
  outer loop
   vertex 0.00272044 -0.0107232 0.15
   vertex 0.00227806 -0.0106903 0.15
   vertex 0.00672384 -0.00909295 0.15
  endloop
 endfacet
 facet normal 0 0 -1
  outer loop
   vertex 0.00227806 -0.0106903 0.15
   vertex 0.00176736 -0.0106324 0.15
   vertex 0.00672384 -0.00909295 0.15
  endloop
 endfacet
 facet normal 0 0 -1
  outer loop
   vertex 0.00672384 -0.00909295 0.15
   vertex 0.00176736 -0.0106324 0.15
   vertex 0.0011051 -0.0105298 0.15
  endloop
 endfacet
 facet normal 0 0 -1
  outer loop
   vertex -0.00698606 0.00717376 0.15
   vertex -0.00636084 0.00760361 0.15
   vertex 0.00750013 0.00535061 0.15
  endloop
 endfacet
 facet normal 0 0 -1
  outer loop
   vertex -0.00636084 0.00760361 0.15
   vertex -0.00571042 0.00801142 0.15
   vertex 0.00750013 0.00535061 0.15
  endloop
 endfacet
 facet normal 0 0 -1
  outer loop
   vertex 0.00750013 0.00535061 0.15
   vertex -0.00571042 0.00801142 0.15
   vertex -0.00503659 0.00839617 0.15
  endloop
 endfacet
 facet normal -0 0 -1
  outer loop
   vertex 0.00423836 -0.0106734 0.15
   vertex 0.00400329 -0.0107018 0.15
   vertex 0.00672384 -0.00909295 0.15
  endloop
 endfacet
 facet normal -0 0 -1
  outer loop
   vertex 0.00400329 -0.0107018 0.15
   vertex 0.0037398 -0.0107232 0.15
   vertex 0.00672384 -0.00909295 0.15
  endloop
 endfacet
 facet normal 0 0 -1
  outer loop
   vertex 0.00672384 -0.00909295 0.15
   vertex 0.0037398 -0.0107232 0.15
   vertex 0.00344265 -0.0107358 0.15
  endloop
 endfacet
 facet normal 0 0 -1
  outer loop
   vertex 0.0011051 -0.0105298 0.15
   vertex 0.000403625 -0.010392 0.15
   vertex 0.00672384 -0.00909295 0.15
  endloop
 endfacet
 facet normal 0 0 -1
  outer loop
   vertex 0.000403625 -0.010392 0.15
   vertex -0.000488067 -0.0101792 0.15
   vertex 0.00672384 -0.00909295 0.15
  endloop
 endfacet
 facet normal 0 0 -1
  outer loop
   vertex 0.00672384 -0.00909295 0.15
   vertex -0.000488067 -0.0101792 0.15
   vertex -0.00133958 -0.00993857 0.15
  endloop
 endfacet
 facet normal 0 0 -1
  outer loop
   vertex -0.00503659 0.00839617 0.15
   vertex -0.00433573 0.00875881 0.15
   vertex 0.00750013 0.00535061 0.15
  endloop
 endfacet
 facet normal 0 0 -1
  outer loop
   vertex -0.00433573 0.00875881 0.15
   vertex -0.0036073 0.00909819 0.15
   vertex 0.00750013 0.00535061 0.15
  endloop
 endfacet
 facet normal 0 0 -1
  outer loop
   vertex 0.00750013 0.00535061 0.15
   vertex -0.0036073 0.00909819 0.15
   vertex -0.00284691 0.00941467 0.15
  endloop
 endfacet
 facet normal 0 0 -1
  outer loop
   vertex 0.007549 -0.00425478 0.15
   vertex -0.0116798 0.00104497 0.15
   vertex 0.00762329 0.000648563 0.15
  endloop
 endfacet
 facet normal 0 0 -1
  outer loop
   vertex -0.0116798 0.00104497 0.15
   vertex -0.0116279 0.00125473 0.15
   vertex 0.00762329 0.000648563 0.15
  endloop
 endfacet
 facet normal 0 0 -1
  outer loop
   vertex 0.00762329 0.000648563 0.15
   vertex -0.0116279 0.00125473 0.15
   vertex -0.0115642 0.00147487 0.15
  endloop
 endfacet
 facet normal -0 0 -1
  outer loop
   vertex 0.00706971 -0.00824877 0.15
   vertex 0.00700186 -0.00845471 0.15
   vertex -0.0116798 0.00104497 0.15
  endloop
 endfacet
 facet normal -0 0 -1
  outer loop
   vertex 0.00700186 -0.00845471 0.15
   vertex 0.0069336 -0.00863813 0.15
   vertex -0.0116798 0.00104497 0.15
  endloop
 endfacet
 facet normal 0 0 -1
  outer loop
   vertex -0.0116798 0.00104497 0.15
   vertex 0.0069336 -0.00863813 0.15
   vertex 0.00686501 -0.00880281 0.15
  endloop
 endfacet
 facet normal 0 0 -1
  outer loop
   vertex -0.0112245 -0.00234496 0.15
   vertex -0.0113425 -0.0020796 0.15
   vertex 0.00672384 -0.00909295 0.15
  endloop
 endfacet
 facet normal 0 0 -1
  outer loop
   vertex -0.0113425 -0.0020796 0.15
   vertex -0.0114426 -0.00182867 0.15
   vertex 0.00672384 -0.00909295 0.15
  endloop
 endfacet
 facet normal 0 0 -1
  outer loop
   vertex 0.00672384 -0.00909295 0.15
   vertex -0.0114426 -0.00182867 0.15
   vertex -0.011527 -0.00159067 0.15
  endloop
 endfacet
 facet normal 0 0 -1
  outer loop
   vertex -0.00971876 0.00464816 0.15
   vertex -0.00934467 0.00507895 0.15
   vertex 0.00750013 0.00535061 0.15
  endloop
 endfacet
 facet normal 0 0 -1
  outer loop
   vertex -0.00934467 0.00507895 0.15
   vertex -0.00893695 0.00551044 0.15
   vertex 0.00750013 0.00535061 0.15
  endloop
 endfacet
 facet normal 0 0 -1
  outer loop
   vertex 0.00750013 0.00535061 0.15
   vertex -0.00893695 0.00551044 0.15
   vertex -0.00849722 0.00593778 0.15
  endloop
 endfacet
 facet normal 0 0 -1
  outer loop
   vertex -0.00284691 0.00941467 0.15
   vertex -0.00205081 0.00970768 0.15
   vertex 0.00750013 0.00535061 0.15
  endloop
 endfacet
 facet normal 0 0 -1
  outer loop
   vertex -0.00205081 0.00970768 0.15
   vertex -0.00121496 0.00997616 0.15
   vertex 0.00750013 0.00535061 0.15
  endloop
 endfacet
 facet normal 0 0 -1
  outer loop
   vertex 0.00750013 0.00535061 0.15
   vertex -0.00121496 0.00997616 0.15
   vertex -0.000370883 0.0102094 0.15
  endloop
 endfacet
 facet normal 0 0 -1
  outer loop
   vertex 0.00212285 0.0106748 0.15
   vertex 0.00256427 0.0107136 0.15
   vertex 0.00737568 0.00676016 0.15
  endloop
 endfacet
 facet normal 0 0 -1
  outer loop
   vertex 0.00256427 0.0107136 0.15
   vertex 0.0029525 0.0107332 0.15
   vertex 0.00737568 0.00676016 0.15
  endloop
 endfacet
 facet normal 0 0 -1
  outer loop
   vertex 0.00737568 0.00676016 0.15
   vertex 0.0029525 0.0107332 0.15
   vertex 0.00329551 0.0107379 0.15
  endloop
 endfacet
 facet normal -0 0 -1
  outer loop
   vertex 0.00686501 -0.00880281 0.15
   vertex 0.00679621 -0.00895154 0.15
   vertex -0.0116798 0.00104497 0.15
  endloop
 endfacet
 facet normal -0 0 -1
  outer loop
   vertex 0.00679621 -0.00895154 0.15
   vertex 0.00672514 -0.00909053 0.15
   vertex -0.0116798 0.00104497 0.15
  endloop
 endfacet
 facet normal 0 0 -1
  outer loop
   vertex -0.0116798 0.00104497 0.15
   vertex 0.00672514 -0.00909053 0.15
   vertex 0.00672384 -0.00909295 0.15
  endloop
 endfacet
 facet normal -0 0 -1
  outer loop
   vertex 0.00497971 -0.0105117 0.15
   vertex 0.00482354 -0.0105565 0.15
   vertex 0.00672384 -0.00909295 0.15
  endloop
 endfacet
 facet normal 0 0 -1
  outer loop
   vertex -0.00749386 -0.00679289 0.15
   vertex -0.00797686 -0.00639997 0.15
   vertex 0.00672384 -0.00909295 0.15
  endloop
 endfacet
 facet normal 0 0 -1
  outer loop
   vertex -0.00797686 -0.00639997 0.15
   vertex -0.00842709 -0.00600266 0.15
   vertex 0.00672384 -0.00909295 0.15
  endloop
 endfacet
 facet normal 0 0 -1
  outer loop
   vertex 0.00672384 -0.00909295 0.15
   vertex -0.00842709 -0.00600266 0.15
   vertex -0.00884882 -0.00559907 0.15
  endloop
 endfacet
 facet normal 0 0 -1
  outer loop
   vertex -0.00849722 0.00593778 0.15
   vertex -0.00801983 0.00636342 0.15
   vertex 0.00750013 0.00535061 0.15
  endloop
 endfacet
 facet normal 0 0 -1
  outer loop
   vertex -0.00801983 0.00636342 0.15
   vertex -0.00749898 0.00678889 0.15
   vertex 0.00750013 0.00535061 0.15
  endloop
 endfacet
 facet normal 0 0 -1
  outer loop
   vertex 0.00750013 0.00535061 0.15
   vertex -0.00749898 0.00678889 0.15
   vertex -0.00698606 0.00717376 0.15
  endloop
 endfacet
 facet normal 0 0 -1
  outer loop
   vertex -0.00133958 -0.00993857 0.15
   vertex -0.00215449 -0.00967164 0.15
   vertex 0.00672384 -0.00909295 0.15
  endloop
 endfacet
 facet normal 0 0 -1
  outer loop
   vertex -0.00215449 -0.00967164 0.15
   vertex -0.00293659 -0.00937926 0.15
   vertex 0.00672384 -0.00909295 0.15
  endloop
 endfacet
 facet normal -0 0 -1
  outer loop
   vertex 0.00672384 -0.00909295 0.15
   vertex -0.00293659 -0.00937926 0.15
   vertex -0.00368925 -0.00906183 0.15
  endloop
 endfacet
 facet normal 0 0 -1
  outer loop
   vertex -0.00884882 -0.00559907 0.15
   vertex -0.00924556 -0.00518726 0.15
   vertex 0.00672384 -0.00909295 0.15
  endloop
 endfacet
 facet normal 0 0 -1
  outer loop
   vertex -0.00924556 -0.00518726 0.15
   vertex -0.00962403 -0.0047607 0.15
   vertex 0.00672384 -0.00909295 0.15
  endloop
 endfacet
 facet normal 0 0 -1
  outer loop
   vertex 0.00672384 -0.00909295 0.15
   vertex -0.00962403 -0.0047607 0.15
   vertex -0.00996594 -0.0043424 0.15
  endloop
 endfacet
 facet normal -0 0 -1
  outer loop
   vertex 0.00482354 -0.0105565 0.15
   vertex 0.00465221 -0.0105985 0.15
   vertex 0.00672384 -0.00909295 0.15
  endloop
 endfacet
 facet normal -0 0 -1
  outer loop
   vertex 0.00465221 -0.0105985 0.15
   vertex 0.00444925 -0.0106395 0.15
   vertex 0.00672384 -0.00909295 0.15
  endloop
 endfacet
 facet normal 0 0 -1
  outer loop
   vertex 0.00672384 -0.00909295 0.15
   vertex 0.00444925 -0.0106395 0.15
   vertex 0.00423836 -0.0106734 0.15
  endloop
 endfacet
 facet normal 0 0 -1
  outer loop
   vertex -0.00368925 -0.00906183 0.15
   vertex -0.00441544 -0.00871941 0.15
   vertex 0.00672384 -0.00909295 0.15
  endloop
 endfacet
 facet normal 0 0 -1
  outer loop
   vertex -0.00441544 -0.00871941 0.15
   vertex -0.0051143 -0.00835366 0.15
   vertex 0.00672384 -0.00909295 0.15
  endloop
 endfacet
 facet normal 0 0 -1
  outer loop
   vertex 0.00672384 -0.00909295 0.15
   vertex -0.0051143 -0.00835366 0.15
   vertex -0.00578928 -0.00796393 0.15
  endloop
 endfacet
 facet normal 0 0 -1
  outer loop
   vertex -0.011527 -0.00159067 0.15
   vertex -0.0115974 -0.00136421 0.15
   vertex 0.00672384 -0.00909295 0.15
  endloop
 endfacet
 facet normal 0 0 -1
  outer loop
   vertex -0.0115974 -0.00136421 0.15
   vertex -0.0116554 -0.00114804 0.15
   vertex 0.00672384 -0.00909295 0.15
  endloop
 endfacet
 facet normal 0 0 -1
  outer loop
   vertex 0.00672384 -0.00909295 0.15
   vertex -0.0116554 -0.00114804 0.15
   vertex -0.0117022 -0.000941053 0.15
  endloop
 endfacet
 facet normal -0 0 -1
  outer loop
   vertex 0.00665437 -0.00921624 0.15
   vertex 0.00525417 -0.0104155 0.15
   vertex 0.00672384 -0.00909295 0.15
  endloop
 endfacet
 facet normal -0 0 -1
  outer loop
   vertex 0.00525417 -0.0104155 0.15
   vertex 0.0051227 -0.0104646 0.15
   vertex 0.00672384 -0.00909295 0.15
  endloop
 endfacet
 facet normal 0 0 -1
  outer loop
   vertex 0.00672384 -0.00909295 0.15
   vertex 0.0051227 -0.0104646 0.15
   vertex 0.00497971 -0.0105117 0.15
  endloop
 endfacet
 facet normal 0 0 -1
  outer loop
   vertex 0.00329551 0.0107379 0.15
   vertex 0.00360001 0.0107305 0.15
   vertex 0.00737568 0.00676016 0.15
  endloop
 endfacet
 facet normal 0 0 -1
  outer loop
   vertex 0.00360001 0.0107305 0.15
   vertex 0.00387168 0.0107138 0.15
   vertex 0.00737568 0.00676016 0.15
  endloop
 endfacet
 facet normal 0 0 -1
  outer loop
   vertex 0.00737568 0.00676016 0.15
   vertex 0.00387168 0.0107138 0.15
   vertex 0.00730929 0.00720977 0.15
  endloop
 endfacet
 facet normal 0 0 -1
  outer loop
   vertex 0.00387168 0.0107138 0.15
   vertex 0.00411526 0.0106894 0.15
   vertex 0.00730929 0.00720977 0.15
  endloop
 endfacet
 facet normal 0 0 -1
  outer loop
   vertex 0.00730929 0.00720977 0.15
   vertex 0.00411526 0.0106894 0.15
   vertex 0.00433472 0.010659 0.15
  endloop
 endfacet
 facet normal 0 0 -1
  outer loop
   vertex -0.0117022 -0.000941053 0.15
   vertex -0.011739 -0.000742219 0.15
   vertex 0.00672384 -0.00909295 0.15
  endloop
 endfacet
 facet normal 0 0 -1
  outer loop
   vertex -0.011739 -0.000742219 0.15
   vertex -0.0117666 -0.000550618 0.15
   vertex 0.00672384 -0.00909295 0.15
  endloop
 endfacet
 facet normal 0 0 -1
  outer loop
   vertex 0.00672384 -0.00909295 0.15
   vertex -0.0117666 -0.000550618 0.15
   vertex -0.0117858 -0.000365406 0.15
  endloop
 endfacet
 facet normal 0 0 -1
  outer loop
   vertex -0.0117858 -0.000365406 0.15
   vertex -0.0117972 -0.000185978 0.15
   vertex 0.00672384 -0.00909295 0.15
  endloop
 endfacet
 facet normal 0 0 -1
  outer loop
   vertex -0.0117972 -0.000185978 0.15
   vertex -0.0118012 -0 0.15
   vertex 0.00672384 -0.00909295 0.15
  endloop
 endfacet
 facet normal 0 0 -1
  outer loop
   vertex 0.00672384 -0.00909295 0.15
   vertex -0.0118012 -0 0.15
   vertex -0.011801 4.30217e-05 0.15
  endloop
 endfacet
 facet normal -0 -0 -1
  outer loop
   vertex 0.00710206 0.0081406 0.15
   vertex 0.00717174 0.0078806 0.15
   vertex 0.00433472 0.010659 0.15
  endloop
 endfacet
 facet normal -0 -0 -1
  outer loop
   vertex 0.00717174 0.0078806 0.15
   vertex 0.007241 0.00757541 0.15
   vertex 0.00433472 0.010659 0.15
  endloop
 endfacet
 facet normal 0 0 -1
  outer loop
   vertex 0.00433472 0.010659 0.15
   vertex 0.007241 0.00757541 0.15
   vertex 0.00730929 0.00720977 0.15
  endloop
 endfacet
 facet normal 0 0 -1
  outer loop
   vertex 0.00665437 -0.00921624 0.15
   vertex 0.0065845 -0.00932956 0.15
   vertex 0.00525417 -0.0104155 0.15
  endloop
 endfacet
 facet normal 0 0 -1
  outer loop
   vertex 0.0065845 -0.00932956 0.15
   vertex 0.00651414 -0.00943416 0.15
   vertex 0.00525417 -0.0104155 0.15
  endloop
 endfacet
 facet normal 0 0 -1
  outer loop
   vertex 0.00525417 -0.0104155 0.15
   vertex 0.00651414 -0.00943416 0.15
   vertex 0.00644318 -0.00953111 0.15
  endloop
 endfacet
 facet normal -0 -0 -1
  outer loop
   vertex 0.0069625 0.00856308 0.15
   vertex 0.00703225 0.00836568 0.15
   vertex 0.00488729 0.010539 0.15
  endloop
 endfacet
 facet normal -0 -0 -1
  outer loop
   vertex 0.00488729 0.010539 0.15
   vertex 0.00703225 0.00836568 0.15
   vertex 0.00472316 0.010582 0.15
  endloop
 endfacet
 facet normal 0 0 -1
  outer loop
   vertex 0.00644318 -0.00953111 0.15
   vertex 0.00637148 -0.00962128 0.15
   vertex 0.00525417 -0.0104155 0.15
  endloop
 endfacet
 facet normal 0 0 -1
  outer loop
   vertex 0.00637148 -0.00962128 0.15
   vertex 0.00629888 -0.00970541 0.15
   vertex 0.00525417 -0.0104155 0.15
  endloop
 endfacet
 facet normal 0 0 -1
  outer loop
   vertex 0.00525417 -0.0104155 0.15
   vertex 0.00629888 -0.00970541 0.15
   vertex 0.0062252 -0.00978413 0.15
  endloop
 endfacet
 facet normal 0 0 -1
  outer loop
   vertex 0.00710206 0.0081406 0.15
   vertex 0.00433472 0.010659 0.15
   vertex 0.00703225 0.00836568 0.15
  endloop
 endfacet
 facet normal 0 0 -1
  outer loop
   vertex 0.00433472 0.010659 0.15
   vertex 0.00453299 0.0106236 0.15
   vertex 0.00703225 0.00836568 0.15
  endloop
 endfacet
 facet normal 0 0 -1
  outer loop
   vertex 0.00703225 0.00836568 0.15
   vertex 0.00453299 0.0106236 0.15
   vertex 0.00472316 0.010582 0.15
  endloop
 endfacet
 facet normal 0 0 -1
  outer loop
   vertex 0.0062252 -0.00978413 0.15
   vertex 0.00615026 -0.00985798 0.15
   vertex 0.00525417 -0.0104155 0.15
  endloop
 endfacet
 facet normal 0 0 -1
  outer loop
   vertex 0.00615026 -0.00985798 0.15
   vertex 0.00607385 -0.00992739 0.15
   vertex 0.00525417 -0.0104155 0.15
  endloop
 endfacet
 facet normal 0 0 -1
  outer loop
   vertex 0.00525417 -0.0104155 0.15
   vertex 0.00607385 -0.00992739 0.15
   vertex 0.00537554 -0.0103647 0.15
  endloop
 endfacet
 facet normal -0 -0 -1
  outer loop
   vertex 0.00503781 0.0104933 0.15
   vertex 0.00682341 0.00889455 0.15
   vertex 0.00488729 0.010539 0.15
  endloop
 endfacet
 facet normal -0 -0 -1
  outer loop
   vertex 0.00682341 0.00889455 0.15
   vertex 0.00689288 0.00873805 0.15
   vertex 0.00488729 0.010539 0.15
  endloop
 endfacet
 facet normal 0 0 -1
  outer loop
   vertex 0.00488729 0.010539 0.15
   vertex 0.00689288 0.00873805 0.15
   vertex 0.0069625 0.00856308 0.15
  endloop
 endfacet
 facet normal 0 0 -1
  outer loop
   vertex 0.00607385 -0.00992739 0.15
   vertex 0.00599439 -0.00999381 0.15
   vertex 0.00537554 -0.0103647 0.15
  endloop
 endfacet
 facet normal 0 0 -1
  outer loop
   vertex 0.00599439 -0.00999381 0.15
   vertex 0.00590952 -0.0100589 0.15
   vertex 0.00537554 -0.0103647 0.15
  endloop
 endfacet
 facet normal 0 0 -1
  outer loop
   vertex 0.00537554 -0.0103647 0.15
   vertex 0.00590952 -0.0100589 0.15
   vertex 0.00581852 -0.0101226 0.15
  endloop
 endfacet
 facet normal -0 -0 -1
  outer loop
   vertex 0.00661097 0.00928779 0.15
   vertex 0.00668026 0.00917161 0.15
   vertex 0.00503781 0.0104933 0.15
  endloop
 endfacet
 facet normal -0 -0 -1
  outer loop
   vertex 0.00668026 0.00917161 0.15
   vertex 0.00675406 0.00903562 0.15
   vertex 0.00503781 0.0104933 0.15
  endloop
 endfacet
 facet normal 0 0 -1
  outer loop
   vertex 0.00503781 0.0104933 0.15
   vertex 0.00675406 0.00903562 0.15
   vertex 0.00682341 0.00889455 0.15
  endloop
 endfacet
 facet normal 0 0 -1
  outer loop
   vertex 0.00503781 0.0104933 0.15
   vertex 0.0051764 0.0104453 0.15
   vertex 0.00661097 0.00928779 0.15
  endloop
 endfacet
 facet normal 0 0 -1
  outer loop
   vertex 0.0051764 0.0104453 0.15
   vertex 0.00530448 0.0103951 0.15
   vertex 0.00661097 0.00928779 0.15
  endloop
 endfacet
 facet normal 0 0 -1
  outer loop
   vertex 0.00661097 0.00928779 0.15
   vertex 0.00530448 0.0103951 0.15
   vertex 0.00542325 0.0103431 0.15
  endloop
 endfacet
 facet normal 0 0 -1
  outer loop
   vertex 0.00581852 -0.0101226 0.15
   vertex 0.00572062 -0.0101851 0.15
   vertex 0.00537554 -0.0103647 0.15
  endloop
 endfacet
 facet normal 0 0 -1
  outer loop
   vertex 0.00572062 -0.0101851 0.15
   vertex 0.00561488 -0.0102464 0.15
   vertex 0.00537554 -0.0103647 0.15
  endloop
 endfacet
 facet normal 0 0 -1
  outer loop
   vertex 0.00537554 -0.0103647 0.15
   vertex 0.00561488 -0.0102464 0.15
   vertex 0.00550017 -0.0103063 0.15
  endloop
 endfacet
 facet normal 0 0 -1
  outer loop
   vertex 0.00542325 0.0103431 0.15
   vertex 0.00553378 0.0102894 0.15
   vertex 0.00661097 0.00928779 0.15
  endloop
 endfacet
 facet normal 0 0 -1
  outer loop
   vertex 0.00553378 0.0102894 0.15
   vertex 0.00563695 0.0102341 0.15
   vertex 0.00661097 0.00928779 0.15
  endloop
 endfacet
 facet normal 0 0 -1
  outer loop
   vertex 0.00661097 0.00928779 0.15
   vertex 0.00563695 0.0102341 0.15
   vertex 0.00573354 0.0101772 0.15
  endloop
 endfacet
 facet normal 0 0 -1
  outer loop
   vertex 0.00573354 0.0101772 0.15
   vertex 0.00582423 0.0101188 0.15
   vertex 0.00661097 0.00928779 0.15
  endloop
 endfacet
 facet normal 0 0 -1
  outer loop
   vertex 0.00582423 0.0101188 0.15
   vertex 0.00590957 0.0100588 0.15
   vertex 0.00661097 0.00928779 0.15
  endloop
 endfacet
 facet normal 0 0 -1
  outer loop
   vertex 0.00661097 0.00928779 0.15
   vertex 0.00590957 0.0100588 0.15
   vertex 0.00654156 0.00939446 0.15
  endloop
 endfacet
 facet normal 0 0 -1
  outer loop
   vertex 0.00590957 0.0100588 0.15
   vertex 0.00599181 0.00999587 0.15
   vertex 0.00654156 0.00939446 0.15
  endloop
 endfacet
 facet normal 0 0 -1
  outer loop
   vertex 0.00599181 0.00999587 0.15
   vertex 0.00607263 0.00992845 0.15
   vertex 0.00654156 0.00939446 0.15
  endloop
 endfacet
 facet normal 0 0 -1
  outer loop
   vertex 0.00607263 0.00992845 0.15
   vertex 0.00615228 0.00985607 0.15
   vertex 0.00654156 0.00939446 0.15
  endloop
 endfacet
 facet normal 0 0 -1
  outer loop
   vertex 0.00654156 0.00939446 0.15
   vertex 0.00615228 0.00985607 0.15
   vertex 0.00623102 0.00977814 0.15
  endloop
 endfacet
 facet normal 0 0 -1
  outer loop
   vertex 0.00623102 0.00977814 0.15
   vertex 0.00630911 0.00969396 0.15
   vertex 0.00654156 0.00939446 0.15
  endloop
 endfacet
 facet normal 0 0 -1
  outer loop
   vertex 0.00630911 0.00969396 0.15
   vertex 0.00638677 0.00960266 0.15
   vertex 0.00654156 0.00939446 0.15
  endloop
 endfacet
 facet normal 0 0 -1
  outer loop
   vertex 0.00654156 0.00939446 0.15
   vertex 0.00638677 0.00960266 0.15
   vertex 0.00646426 0.00950315 0.15
  endloop
 endfacet
 facet normal 0.999989 -0.00465421 0
  outer loop
   vertex -0.011801 4.30217e-05 -0.15
   vertex -0.0118012 -0 0.15
   vertex -0.0118012 -0 -0.15
  endloop
 endfacet
 facet normal 0.999769 0.0215031 0
  outer loop
   vertex -0.0118012 -0 0.15
   vertex -0.0117972 -0.000185978 0.15
   vertex -0.0118012 -0 -0.15
  endloop
 endfacet
 facet normal 0.999769 0.0215031 0
  outer loop
   vertex -0.0118012 -0 -0.15
   vertex -0.0117972 -0.000185978 0.15
   vertex -0.0117972 -0.000185978 -0.15
  endloop
 endfacet
 facet normal 0.997988 0.0634092 0
  outer loop
   vertex -0.0117972 -0.000185978 0.15
   vertex -0.0117858 -0.000365406 0.15
   vertex -0.0117972 -0.000185978 -0.15
  endloop
 endfacet
 facet normal 0.997988 0.0634092 0
  outer loop
   vertex -0.0117972 -0.000185978 -0.15
   vertex -0.0117858 -0.000365406 0.15
   vertex -0.0117858 -0.000365406 -0.15
  endloop
 endfacet
 facet normal 0.99467 0.103108 0
  outer loop
   vertex -0.0117858 -0.000365406 0.15
   vertex -0.0117666 -0.000550618 0.15
   vertex -0.0117858 -0.000365406 -0.15
  endloop
 endfacet
 facet normal 0.99467 0.103108 0
  outer loop
   vertex -0.0117858 -0.000365406 -0.15
   vertex -0.0117666 -0.000550618 0.15
   vertex -0.0117666 -0.000550618 -0.15
  endloop
 endfacet
 facet normal 0.989783 0.142581 0
  outer loop
   vertex -0.0117666 -0.000550618 0.15
   vertex -0.011739 -0.000742219 0.15
   vertex -0.0117666 -0.000550618 -0.15
  endloop
 endfacet
 facet normal 0.989783 0.142581 0
  outer loop
   vertex -0.0117666 -0.000550618 -0.15
   vertex -0.011739 -0.000742219 0.15
   vertex -0.011739 -0.000742219 -0.15
  endloop
 endfacet
 facet normal 0.983301 0.181985 0
  outer loop
   vertex -0.011739 -0.000742219 0.15
   vertex -0.0117022 -0.000941053 0.15
   vertex -0.011739 -0.000742219 -0.15
  endloop
 endfacet
 facet normal 0.983301 0.181985 0
  outer loop
   vertex -0.011739 -0.000742219 -0.15
   vertex -0.0117022 -0.000941053 0.15
   vertex -0.0117022 -0.000941053 -0.15
  endloop
 endfacet
 facet normal 0.975378 0.220538 0
  outer loop
   vertex -0.0117022 -0.000941053 0.15
   vertex -0.0116554 -0.00114804 0.15
   vertex -0.0117022 -0.000941053 -0.15
  endloop
 endfacet
 facet normal 0.975378 0.220538 0
  outer loop
   vertex -0.0117022 -0.000941053 -0.15
   vertex -0.0116554 -0.00114804 0.15
   vertex -0.0116554 -0.00114804 -0.15
  endloop
 endfacet
 facet normal 0.965839 0.259142 0
  outer loop
   vertex -0.0116554 -0.00114804 0.15
   vertex -0.0115974 -0.00136421 0.15
   vertex -0.0116554 -0.00114804 -0.15
  endloop
 endfacet
 facet normal 0.965839 0.259142 0
  outer loop
   vertex -0.0116554 -0.00114804 -0.15
   vertex -0.0115974 -0.00136421 0.15
   vertex -0.0115974 -0.00136421 -0.15
  endloop
 endfacet
 facet normal 0.954922 0.296857 0
  outer loop
   vertex -0.0115974 -0.00136421 0.15
   vertex -0.011527 -0.00159067 0.15
   vertex -0.0115974 -0.00136421 -0.15
  endloop
 endfacet
 facet normal 0.954922 0.296857 0
  outer loop
   vertex -0.0115974 -0.00136421 -0.15
   vertex -0.011527 -0.00159067 0.15
   vertex -0.011527 -0.00159067 -0.15
  endloop
 endfacet
 facet normal 0.942492 0.334229 0
  outer loop
   vertex -0.011527 -0.00159067 0.15
   vertex -0.0114426 -0.00182867 0.15
   vertex -0.011527 -0.00159067 -0.15
  endloop
 endfacet
 facet normal 0.942492 0.334229 0
  outer loop
   vertex -0.011527 -0.00159067 -0.15
   vertex -0.0114426 -0.00182867 0.15
   vertex -0.0114426 -0.00182867 -0.15
  endloop
 endfacet
 facet normal 0.928824 0.370521 0
  outer loop
   vertex -0.0114426 -0.00182867 0.15
   vertex -0.0113425 -0.0020796 0.15
   vertex -0.0114426 -0.00182867 -0.15
  endloop
 endfacet
 facet normal 0.928824 0.370521 0
  outer loop
   vertex -0.0114426 -0.00182867 -0.15
   vertex -0.0113425 -0.0020796 0.15
   vertex -0.0113425 -0.0020796 -0.15
  endloop
 endfacet
 facet normal 0.913732 0.406318 0
  outer loop
   vertex -0.0113425 -0.0020796 0.15
   vertex -0.0112245 -0.00234496 0.15
   vertex -0.0113425 -0.0020796 -0.15
  endloop
 endfacet
 facet normal 0.913732 0.406318 0
  outer loop
   vertex -0.0113425 -0.0020796 -0.15
   vertex -0.0112245 -0.00234496 0.15
   vertex -0.0112245 -0.00234496 -0.15
  endloop
 endfacet
 facet normal 0.897379 0.441261 0
  outer loop
   vertex -0.0112245 -0.00234496 0.15
   vertex -0.0110861 -0.00262642 0.15
   vertex -0.0112245 -0.00234496 -0.15
  endloop
 endfacet
 facet normal 0.897379 0.441261 0
  outer loop
   vertex -0.0112245 -0.00234496 -0.15
   vertex -0.0110861 -0.00262642 0.15
   vertex -0.0110861 -0.00262642 -0.15
  endloop
 endfacet
 facet normal 0.879876 0.475203 0
  outer loop
   vertex -0.0110861 -0.00262642 0.15
   vertex -0.0109244 -0.00292582 0.15
   vertex -0.0110861 -0.00262642 -0.15
  endloop
 endfacet
 facet normal 0.879876 0.475203 0
  outer loop
   vertex -0.0110861 -0.00262642 -0.15
   vertex -0.0109244 -0.00292582 0.15
   vertex -0.0109244 -0.00292582 -0.15
  endloop
 endfacet
 facet normal 0.860886 0.508798 0
  outer loop
   vertex -0.0109244 -0.00292582 0.15
   vertex -0.0107357 -0.0032451 0.15
   vertex -0.0109244 -0.00292582 -0.15
  endloop
 endfacet
 facet normal 0.860886 0.508798 0
  outer loop
   vertex -0.0109244 -0.00292582 -0.15
   vertex -0.0107357 -0.0032451 0.15
   vertex -0.0107357 -0.0032451 -0.15
  endloop
 endfacet
 facet normal 0.841003 0.541031 0
  outer loop
   vertex -0.0107357 -0.0032451 0.15
   vertex -0.0105162 -0.0035863 0.15
   vertex -0.0107357 -0.0032451 -0.15
  endloop
 endfacet
 facet normal 0.841003 0.541031 0
  outer loop
   vertex -0.0107357 -0.0032451 -0.15
   vertex -0.0105162 -0.0035863 0.15
   vertex -0.0105162 -0.0035863 -0.15
  endloop
 endfacet
 facet normal 0.819975 0.5724 0
  outer loop
   vertex -0.0105162 -0.0035863 0.15
   vertex -0.0102613 -0.00395145 0.15
   vertex -0.0105162 -0.0035863 -0.15
  endloop
 endfacet
 facet normal 0.819975 0.5724 0
  outer loop
   vertex -0.0105162 -0.0035863 -0.15
   vertex -0.0102613 -0.00395145 0.15
   vertex -0.0102613 -0.00395145 -0.15
  endloop
 endfacet
 facet normal 0.797892 0.602801 0
  outer loop
   vertex -0.0102613 -0.00395145 0.15
   vertex -0.00996594 -0.0043424 0.15
   vertex -0.0102613 -0.00395145 -0.15
  endloop
 endfacet
 facet normal 0.797892 0.602801 0
  outer loop
   vertex -0.0102613 -0.00395145 -0.15
   vertex -0.00996594 -0.0043424 0.15
   vertex -0.00996594 -0.0043424 -0.15
  endloop
 endfacet
 facet normal 0.774261 0.632866 0
  outer loop
   vertex -0.00996594 -0.0043424 0.15
   vertex -0.00962403 -0.0047607 0.15
   vertex -0.00996594 -0.0043424 -0.15
  endloop
 endfacet
 facet normal 0.774261 0.632866 0
  outer loop
   vertex -0.00996594 -0.0043424 -0.15
   vertex -0.00962403 -0.0047607 0.15
   vertex -0.00962403 -0.0047607 -0.15
  endloop
 endfacet
 facet normal 0.748013 0.663684 0
  outer loop
   vertex -0.00962403 -0.0047607 0.15
   vertex -0.00924556 -0.00518726 0.15
   vertex -0.00962403 -0.0047607 -0.15
  endloop
 endfacet
 facet normal 0.748013 0.663684 0
  outer loop
   vertex -0.00962403 -0.0047607 -0.15
   vertex -0.00924556 -0.00518726 0.15
   vertex -0.00924556 -0.00518726 -0.15
  endloop
 endfacet
 facet normal 0.720161 0.693807 0
  outer loop
   vertex -0.00924556 -0.00518726 0.15
   vertex -0.00884882 -0.00559907 0.15
   vertex -0.00924556 -0.00518726 -0.15
  endloop
 endfacet
 facet normal 0.720161 0.693807 0
  outer loop
   vertex -0.00924556 -0.00518726 -0.15
   vertex -0.00884882 -0.00559907 0.15
   vertex -0.00884882 -0.00559907 -0.15
  endloop
 endfacet
 facet normal 0.691398 0.722474 0
  outer loop
   vertex -0.00884882 -0.00559907 0.15
   vertex -0.00842709 -0.00600266 0.15
   vertex -0.00884882 -0.00559907 -0.15
  endloop
 endfacet
 facet normal 0.691398 0.722474 0
  outer loop
   vertex -0.00884882 -0.00559907 -0.15
   vertex -0.00842709 -0.00600266 0.15
   vertex -0.00842709 -0.00600266 -0.15
  endloop
 endfacet
 facet normal 0.661667 0.749798 0
  outer loop
   vertex -0.00842709 -0.00600266 0.15
   vertex -0.00797686 -0.00639997 0.15
   vertex -0.00842709 -0.00600266 -0.15
  endloop
 endfacet
 facet normal 0.661667 0.749798 0
  outer loop
   vertex -0.00842709 -0.00600266 -0.15
   vertex -0.00797686 -0.00639997 0.15
   vertex -0.00797686 -0.00639997 -0.15
  endloop
 endfacet
 facet normal 0.631059 0.775735 0
  outer loop
   vertex -0.00797686 -0.00639997 0.15
   vertex -0.00749386 -0.00679289 0.15
   vertex -0.00797686 -0.00639997 -0.15
  endloop
 endfacet
 facet normal 0.631059 0.775735 0
  outer loop
   vertex -0.00797686 -0.00639997 -0.15
   vertex -0.00749386 -0.00679289 0.15
   vertex -0.00749386 -0.00679289 -0.15
  endloop
 endfacet
 facet normal 0.599619 0.800286 0
  outer loop
   vertex -0.00749386 -0.00679289 0.15
   vertex -0.00697285 -0.00718326 0.15
   vertex -0.00749386 -0.00679289 -0.15
  endloop
 endfacet
 facet normal 0.599619 0.800286 0
  outer loop
   vertex -0.00749386 -0.00679289 -0.15
   vertex -0.00697285 -0.00718326 0.15
   vertex -0.00697285 -0.00718326 -0.15
  endloop
 endfacet
 facet normal 0.567454 0.823405 0
  outer loop
   vertex -0.00697285 -0.00718326 0.15
   vertex -0.00640736 -0.00757297 0.15
   vertex -0.00697285 -0.00718326 -0.15
  endloop
 endfacet
 facet normal 0.567454 0.823405 0
  outer loop
   vertex -0.00697285 -0.00718326 -0.15
   vertex -0.00640736 -0.00757297 0.15
   vertex -0.00640736 -0.00757297 -0.15
  endloop
 endfacet
 facet normal 0.534573 0.845122 0
  outer loop
   vertex -0.00640736 -0.00757297 0.15
   vertex -0.00578928 -0.00796393 0.15
   vertex -0.00640736 -0.00757297 -0.15
  endloop
 endfacet
 facet normal 0.534573 0.845122 0
  outer loop
   vertex -0.00640736 -0.00757297 -0.15
   vertex -0.00578928 -0.00796393 0.15
   vertex -0.00578928 -0.00796393 -0.15
  endloop
 endfacet
 facet normal 0.500029 0.866009 0
  outer loop
   vertex -0.00578928 -0.00796393 0.15
   vertex -0.0051143 -0.00835366 0.15
   vertex -0.00578928 -0.00796393 -0.15
  endloop
 endfacet
 facet normal 0.500029 0.866009 0
  outer loop
   vertex -0.00578928 -0.00796393 -0.15
   vertex -0.0051143 -0.00835366 0.15
   vertex -0.0051143 -0.00835366 -0.15
  endloop
 endfacet
 facet normal 0.463689 0.885998 0
  outer loop
   vertex -0.0051143 -0.00835366 0.15
   vertex -0.00441544 -0.00871941 0.15
   vertex -0.0051143 -0.00835366 -0.15
  endloop
 endfacet
 facet normal 0.463689 0.885998 0
  outer loop
   vertex -0.0051143 -0.00835366 -0.15
   vertex -0.00441544 -0.00871941 0.15
   vertex -0.00441544 -0.00871941 -0.15
  endloop
 endfacet
 facet normal 0.426494 0.90449 0
  outer loop
   vertex -0.00441544 -0.00871941 0.15
   vertex -0.00368925 -0.00906183 0.15
   vertex -0.00441544 -0.00871941 -0.15
  endloop
 endfacet
 facet normal 0.426494 0.90449 0
  outer loop
   vertex -0.00441544 -0.00871941 -0.15
   vertex -0.00368925 -0.00906183 0.15
   vertex -0.00368925 -0.00906183 -0.15
  endloop
 endfacet
 facet normal 0.388598 0.921407 0
  outer loop
   vertex -0.00368925 -0.00906183 0.15
   vertex -0.00293659 -0.00937926 0.15
   vertex -0.00368925 -0.00906183 -0.15
  endloop
 endfacet
 facet normal 0.388598 0.921407 0
  outer loop
   vertex -0.00368925 -0.00906183 -0.15
   vertex -0.00293659 -0.00937926 0.15
   vertex -0.00293659 -0.00937926 -0.15
  endloop
 endfacet
 facet normal 0.35017 0.936686 0
  outer loop
   vertex -0.00293659 -0.00937926 0.15
   vertex -0.00215449 -0.00967164 0.15
   vertex -0.00293659 -0.00937926 -0.15
  endloop
 endfacet
 facet normal 0.35017 0.936686 0
  outer loop
   vertex -0.00293659 -0.00937926 -0.15
   vertex -0.00215449 -0.00967164 0.15
   vertex -0.00215449 -0.00967164 -0.15
  endloop
 endfacet
 facet normal 0.311284 0.950317 0
  outer loop
   vertex -0.00215449 -0.00967164 0.15
   vertex -0.00133958 -0.00993857 0.15
   vertex -0.00215449 -0.00967164 -0.15
  endloop
 endfacet
 facet normal 0.311284 0.950317 0
  outer loop
   vertex -0.00215449 -0.00967164 -0.15
   vertex -0.00133958 -0.00993857 0.15
   vertex -0.00133958 -0.00993857 -0.15
  endloop
 endfacet
 facet normal 0.271942 0.962314 0
  outer loop
   vertex -0.00133958 -0.00993857 0.15
   vertex -0.000488067 -0.0101792 0.15
   vertex -0.00133958 -0.00993857 -0.15
  endloop
 endfacet
 facet normal 0.271942 0.962314 0
  outer loop
   vertex -0.00133958 -0.00993857 -0.15
   vertex -0.000488067 -0.0101792 0.15
   vertex -0.000488067 -0.0101792 -0.15
  endloop
 endfacet
 facet normal 0.232129 0.972685 0
  outer loop
   vertex -0.000488067 -0.0101792 0.15
   vertex 0.000403625 -0.010392 0.15
   vertex -0.000488067 -0.0101792 -0.15
  endloop
 endfacet
 facet normal 0.232129 0.972685 0
  outer loop
   vertex -0.000488067 -0.0101792 -0.15
   vertex 0.000403625 -0.010392 0.15
   vertex 0.000403625 -0.010392 -0.15
  endloop
 endfacet
 facet normal 0.19276 0.981246 0
  outer loop
   vertex 0.000403625 -0.010392 0.15
   vertex 0.0011051 -0.0105298 0.15
   vertex 0.000403625 -0.010392 -0.15
  endloop
 endfacet
 facet normal 0.19276 0.981246 0
  outer loop
   vertex 0.000403625 -0.010392 -0.15
   vertex 0.0011051 -0.0105298 0.15
   vertex 0.0011051 -0.0105298 -0.15
  endloop
 endfacet
 facet normal 0.153098 0.988211 0
  outer loop
   vertex 0.0011051 -0.0105298 0.15
   vertex 0.00176736 -0.0106324 0.15
   vertex 0.0011051 -0.0105298 -0.15
  endloop
 endfacet
 facet normal 0.153098 0.988211 0
  outer loop
   vertex 0.0011051 -0.0105298 -0.15
   vertex 0.00176736 -0.0106324 0.15
   vertex 0.00176736 -0.0106324 -0.15
  endloop
 endfacet
 facet normal 0.112651 0.993635 0
  outer loop
   vertex 0.00176736 -0.0106324 0.15
   vertex 0.00227806 -0.0106903 0.15
   vertex 0.00176736 -0.0106324 -0.15
  endloop
 endfacet
 facet normal 0.112651 0.993635 0
  outer loop
   vertex 0.00176736 -0.0106324 -0.15
   vertex 0.00227806 -0.0106903 0.15
   vertex 0.00227806 -0.0106903 -0.15
  endloop
 endfacet
 facet normal 0.0741654 0.997246 0
  outer loop
   vertex 0.00227806 -0.0106903 0.15
   vertex 0.00272044 -0.0107232 0.15
   vertex 0.00227806 -0.0106903 -0.15
  endloop
 endfacet
 facet normal 0.0741654 0.997246 0
  outer loop
   vertex 0.00227806 -0.0106903 -0.15
   vertex 0.00272044 -0.0107232 0.15
   vertex 0.00272044 -0.0107232 -0.15
  endloop
 endfacet
 facet normal 0.0355609 0.999368 0
  outer loop
   vertex 0.00272044 -0.0107232 0.15
   vertex 0.00310547 -0.0107369 0.15
   vertex 0.00272044 -0.0107232 -0.15
  endloop
 endfacet
 facet normal 0.0355609 0.999368 0
  outer loop
   vertex 0.00272044 -0.0107232 -0.15
   vertex 0.00310547 -0.0107369 0.15
   vertex 0.00310547 -0.0107369 -0.15
  endloop
 endfacet
 facet normal -0.00326478 0.999995 0
  outer loop
   vertex 0.00310547 -0.0107369 0.15
   vertex 0.00344265 -0.0107358 0.15
   vertex 0.00310547 -0.0107369 -0.15
  endloop
 endfacet
 facet normal -0.00326478 0.999995 0
  outer loop
   vertex 0.00310547 -0.0107369 -0.15
   vertex 0.00344265 -0.0107358 0.15
   vertex 0.00344265 -0.0107358 -0.15
  endloop
 endfacet
 facet normal -0.0423643 0.999102 0
  outer loop
   vertex 0.00344265 -0.0107358 0.15
   vertex 0.0037398 -0.0107232 0.15
   vertex 0.00344265 -0.0107358 -0.15
  endloop
 endfacet
 facet normal -0.0423643 0.999102 0
  outer loop
   vertex 0.00344265 -0.0107358 -0.15
   vertex 0.0037398 -0.0107232 0.15
   vertex 0.0037398 -0.0107232 -0.15
  endloop
 endfacet
 facet normal -0.0809507 0.996718 0
  outer loop
   vertex 0.0037398 -0.0107232 0.15
   vertex 0.00400329 -0.0107018 0.15
   vertex 0.0037398 -0.0107232 -0.15
  endloop
 endfacet
 facet normal -0.0809507 0.996718 0
  outer loop
   vertex 0.0037398 -0.0107232 -0.15
   vertex 0.00400329 -0.0107018 0.15
   vertex 0.00400329 -0.0107018 -0.15
  endloop
 endfacet
 facet normal -0.119942 0.992781 0
  outer loop
   vertex 0.00400329 -0.0107018 0.15
   vertex 0.00423836 -0.0106734 0.15
   vertex 0.00400329 -0.0107018 -0.15
  endloop
 endfacet
 facet normal -0.119942 0.992781 0
  outer loop
   vertex 0.00400329 -0.0107018 -0.15
   vertex 0.00423836 -0.0106734 0.15
   vertex 0.00423836 -0.0106734 -0.15
  endloop
 endfacet
 facet normal -0.15871 0.987325 0
  outer loop
   vertex 0.00423836 -0.0106734 0.15
   vertex 0.00444925 -0.0106395 0.15
   vertex 0.00423836 -0.0106734 -0.15
  endloop
 endfacet
 facet normal -0.15871 0.987325 0
  outer loop
   vertex 0.00423836 -0.0106734 -0.15
   vertex 0.00444925 -0.0106395 0.15
   vertex 0.00444925 -0.0106395 -0.15
  endloop
 endfacet
 facet normal -0.198009 0.9802 0
  outer loop
   vertex 0.00444925 -0.0106395 0.15
   vertex 0.00465221 -0.0105985 0.15
   vertex 0.00444925 -0.0106395 -0.15
  endloop
 endfacet
 facet normal -0.198009 0.9802 0
  outer loop
   vertex 0.00444925 -0.0106395 -0.15
   vertex 0.00465221 -0.0105985 0.15
   vertex 0.00465221 -0.0105985 -0.15
  endloop
 endfacet
 facet normal -0.238091 0.971243 0
  outer loop
   vertex 0.00465221 -0.0105985 0.15
   vertex 0.00482354 -0.0105565 0.15
   vertex 0.00465221 -0.0105985 -0.15
  endloop
 endfacet
 facet normal -0.238091 0.971243 0
  outer loop
   vertex 0.00465221 -0.0105985 -0.15
   vertex 0.00482354 -0.0105565 0.15
   vertex 0.00482354 -0.0105565 -0.15
  endloop
 endfacet
 facet normal -0.275747 0.96123 0
  outer loop
   vertex 0.00482354 -0.0105565 0.15
   vertex 0.00497971 -0.0105117 0.15
   vertex 0.00482354 -0.0105565 -0.15
  endloop
 endfacet
 facet normal -0.275747 0.96123 0
  outer loop
   vertex 0.00482354 -0.0105565 -0.15
   vertex 0.00497971 -0.0105117 0.15
   vertex 0.00497971 -0.0105117 -0.15
  endloop
 endfacet
 facet normal -0.312857 0.9498 0
  outer loop
   vertex 0.00497971 -0.0105117 0.15
   vertex 0.0051227 -0.0104646 0.15
   vertex 0.00497971 -0.0105117 -0.15
  endloop
 endfacet
 facet normal -0.312857 0.9498 0
  outer loop
   vertex 0.00497971 -0.0105117 -0.15
   vertex 0.0051227 -0.0104646 0.15
   vertex 0.0051227 -0.0104646 -0.15
  endloop
 endfacet
 facet normal -0.349867 0.936799 0
  outer loop
   vertex 0.0051227 -0.0104646 0.15
   vertex 0.00525417 -0.0104155 0.15
   vertex 0.0051227 -0.0104646 -0.15
  endloop
 endfacet
 facet normal -0.349867 0.936799 0
  outer loop
   vertex 0.0051227 -0.0104646 -0.15
   vertex 0.00525417 -0.0104155 0.15
   vertex 0.00525417 -0.0104155 -0.15
  endloop
 endfacet
 facet normal -0.386099 0.922458 0
  outer loop
   vertex 0.00525417 -0.0104155 0.15
   vertex 0.00537554 -0.0103647 0.15
   vertex 0.00525417 -0.0104155 -0.15
  endloop
 endfacet
 facet normal -0.386099 0.922458 0
  outer loop
   vertex 0.00525417 -0.0104155 -0.15
   vertex 0.00537554 -0.0103647 0.15
   vertex 0.00537554 -0.0103647 -0.15
  endloop
 endfacet
 facet normal -0.424315 0.905514 0
  outer loop
   vertex 0.00537554 -0.0103647 0.15
   vertex 0.00550017 -0.0103063 0.15
   vertex 0.00537554 -0.0103647 -0.15
  endloop
 endfacet
 facet normal -0.424315 0.905514 0
  outer loop
   vertex 0.00537554 -0.0103647 -0.15
   vertex 0.00550017 -0.0103063 0.15
   vertex 0.00550017 -0.0103063 -0.15
  endloop
 endfacet
 facet normal -0.462877 0.886423 0
  outer loop
   vertex 0.00550017 -0.0103063 0.15
   vertex 0.00561488 -0.0102464 0.15
   vertex 0.00550017 -0.0103063 -0.15
  endloop
 endfacet
 facet normal -0.462877 0.886423 0
  outer loop
   vertex 0.00550017 -0.0103063 -0.15
   vertex 0.00561488 -0.0102464 0.15
   vertex 0.00561488 -0.0102464 -0.15
  endloop
 endfacet
 facet normal -0.501537 0.865136 0
  outer loop
   vertex 0.00561488 -0.0102464 0.15
   vertex 0.00572062 -0.0101851 0.15
   vertex 0.00561488 -0.0102464 -0.15
  endloop
 endfacet
 facet normal -0.501537 0.865136 0
  outer loop
   vertex 0.00561488 -0.0102464 -0.15
   vertex 0.00572062 -0.0101851 0.15
   vertex 0.00572062 -0.0101851 -0.15
  endloop
 endfacet
 facet normal -0.538101 0.842881 0
  outer loop
   vertex 0.00572062 -0.0101851 0.15
   vertex 0.00581852 -0.0101226 0.15
   vertex 0.00572062 -0.0101851 -0.15
  endloop
 endfacet
 facet normal -0.538101 0.842881 0
  outer loop
   vertex 0.00572062 -0.0101851 -0.15
   vertex 0.00581852 -0.0101226 0.15
   vertex 0.00581852 -0.0101226 -0.15
  endloop
 endfacet
 facet normal -0.57346 0.819233 0
  outer loop
   vertex 0.00581852 -0.0101226 0.15
   vertex 0.00590952 -0.0100589 0.15
   vertex 0.00581852 -0.0101226 -0.15
  endloop
 endfacet
 facet normal -0.57346 0.819233 0
  outer loop
   vertex 0.00581852 -0.0101226 -0.15
   vertex 0.00590952 -0.0100589 0.15
   vertex 0.00590952 -0.0100589 -0.15
  endloop
 endfacet
 facet normal -0.608568 0.793502 0
  outer loop
   vertex 0.00590952 -0.0100589 0.15
   vertex 0.00599439 -0.00999381 0.15
   vertex 0.00590952 -0.0100589 -0.15
  endloop
 endfacet
 facet normal -0.608568 0.793502 0
  outer loop
   vertex 0.00590952 -0.0100589 -0.15
   vertex 0.00599439 -0.00999381 0.15
   vertex 0.00599439 -0.00999381 -0.15
  endloop
 endfacet
 facet normal -0.641343 0.767254 0
  outer loop
   vertex 0.00599439 -0.00999381 0.15
   vertex 0.00607385 -0.00992739 0.15
   vertex 0.00599439 -0.00999381 -0.15
  endloop
 endfacet
 facet normal -0.641343 0.767254 0
  outer loop
   vertex 0.00599439 -0.00999381 -0.15
   vertex 0.00607385 -0.00992739 0.15
   vertex 0.00607385 -0.00992739 -0.15
  endloop
 endfacet
 facet normal -0.672392 0.740196 0
  outer loop
   vertex 0.00607385 -0.00992739 0.15
   vertex 0.00615026 -0.00985798 0.15
   vertex 0.00607385 -0.00992739 -0.15
  endloop
 endfacet
 facet normal -0.672392 0.740196 0
  outer loop
   vertex 0.00607385 -0.00992739 -0.15
   vertex 0.00615026 -0.00985798 0.15
   vertex 0.00615026 -0.00985798 -0.15
  endloop
 endfacet
 facet normal -0.701905 0.712271 0
  outer loop
   vertex 0.00615026 -0.00985798 0.15
   vertex 0.0062252 -0.00978413 0.15
   vertex 0.00615026 -0.00985798 -0.15
  endloop
 endfacet
 facet normal -0.701905 0.712271 0
  outer loop
   vertex 0.00615026 -0.00985798 -0.15
   vertex 0.0062252 -0.00978413 0.15
   vertex 0.0062252 -0.00978413 -0.15
  endloop
 endfacet
 facet normal -0.730092 0.683349 0
  outer loop
   vertex 0.0062252 -0.00978413 0.15
   vertex 0.00629888 -0.00970541 0.15
   vertex 0.0062252 -0.00978413 -0.15
  endloop
 endfacet
 facet normal -0.730092 0.683349 0
  outer loop
   vertex 0.0062252 -0.00978413 -0.15
   vertex 0.00629888 -0.00970541 0.15
   vertex 0.00629888 -0.00970541 -0.15
  endloop
 endfacet
 facet normal -0.757081 0.653321 0
  outer loop
   vertex 0.00629888 -0.00970541 0.15
   vertex 0.00637148 -0.00962128 0.15
   vertex 0.00629888 -0.00970541 -0.15
  endloop
 endfacet
 facet normal -0.757081 0.653321 0
  outer loop
   vertex 0.00629888 -0.00970541 -0.15
   vertex 0.00637148 -0.00962128 0.15
   vertex 0.00637148 -0.00962128 -0.15
  endloop
 endfacet
 facet normal -0.782713 0.622383 0
  outer loop
   vertex 0.00637148 -0.00962128 0.15
   vertex 0.00644318 -0.00953111 0.15
   vertex 0.00637148 -0.00962128 -0.15
  endloop
 endfacet
 facet normal -0.782713 0.622383 0
  outer loop
   vertex 0.00637148 -0.00962128 -0.15
   vertex 0.00644318 -0.00953111 0.15
   vertex 0.00644318 -0.00953111 -0.15
  endloop
 endfacet
 facet normal -0.806947 0.590624 0
  outer loop
   vertex 0.00644318 -0.00953111 0.15
   vertex 0.00651414 -0.00943416 0.15
   vertex 0.00644318 -0.00953111 -0.15
  endloop
 endfacet
 facet normal -0.806947 0.590624 0
  outer loop
   vertex 0.00644318 -0.00953111 -0.15
   vertex 0.00651414 -0.00943416 0.15
   vertex 0.00651414 -0.00943416 -0.15
  endloop
 endfacet
 facet normal -0.829748 0.558138 0
  outer loop
   vertex 0.00651414 -0.00943416 0.15
   vertex 0.0065845 -0.00932956 0.15
   vertex 0.00651414 -0.00943416 -0.15
  endloop
 endfacet
 facet normal -0.829748 0.558138 0
  outer loop
   vertex 0.00651414 -0.00943416 -0.15
   vertex 0.0065845 -0.00932956 0.15
   vertex 0.0065845 -0.00932956 -0.15
  endloop
 endfacet
 facet normal -0.851207 0.52483 0
  outer loop
   vertex 0.0065845 -0.00932956 0.15
   vertex 0.00665437 -0.00921624 0.15
   vertex 0.0065845 -0.00932956 -0.15
  endloop
 endfacet
 facet normal -0.851207 0.52483 0
  outer loop
   vertex 0.0065845 -0.00932956 -0.15
   vertex 0.00665437 -0.00921624 0.15
   vertex 0.00665437 -0.00921624 -0.15
  endloop
 endfacet
 facet normal -0.871215 0.490902 0
  outer loop
   vertex 0.00665437 -0.00921624 0.15
   vertex 0.00672384 -0.00909295 0.15
   vertex 0.00665437 -0.00921624 -0.15
  endloop
 endfacet
 facet normal -0.871215 0.490902 0
  outer loop
   vertex 0.00665437 -0.00921624 -0.15
   vertex 0.00672384 -0.00909295 0.15
   vertex 0.00672384 -0.00909295 -0.15
  endloop
 endfacet
 facet normal -0.88096 0.47319 0
  outer loop
   vertex 0.00672384 -0.00909295 0.15
   vertex 0.00672514 -0.00909053 0.15
   vertex 0.00672384 -0.00909295 -0.15
  endloop
 endfacet
 facet normal -0.88096 0.47319 0
  outer loop
   vertex 0.00672384 -0.00909295 -0.15
   vertex 0.00672514 -0.00909053 0.15
   vertex 0.00672514 -0.00909053 -0.15
  endloop
 endfacet
 facet normal -0.890354 0.455269 0
  outer loop
   vertex 0.00672514 -0.00909053 0.15
   vertex 0.00679621 -0.00895154 0.15
   vertex 0.00672514 -0.00909053 -0.15
  endloop
 endfacet
 facet normal -0.890354 0.455269 0
  outer loop
   vertex 0.00672514 -0.00909053 -0.15
   vertex 0.00679621 -0.00895154 0.15
   vertex 0.00679621 -0.00895154 -0.15
  endloop
 endfacet
 facet normal -0.907599 0.419839 0
  outer loop
   vertex 0.00679621 -0.00895154 0.15
   vertex 0.00686501 -0.00880281 0.15
   vertex 0.00679621 -0.00895154 -0.15
  endloop
 endfacet
 facet normal -0.907599 0.419839 0
  outer loop
   vertex 0.00679621 -0.00895154 -0.15
   vertex 0.00686501 -0.00880281 0.15
   vertex 0.00686501 -0.00880281 -0.15
  endloop
 endfacet
 facet normal -0.92313 0.384488 0
  outer loop
   vertex 0.00686501 -0.00880281 0.15
   vertex 0.0069336 -0.00863813 0.15
   vertex 0.00686501 -0.00880281 -0.15
  endloop
 endfacet
 facet normal -0.92313 0.384488 0
  outer loop
   vertex 0.00686501 -0.00880281 -0.15
   vertex 0.0069336 -0.00863813 0.15
   vertex 0.0069336 -0.00863813 -0.15
  endloop
 endfacet
 facet normal -0.937204 0.348782 0
  outer loop
   vertex 0.0069336 -0.00863813 0.15
   vertex 0.00700186 -0.00845471 0.15
   vertex 0.0069336 -0.00863813 -0.15
  endloop
 endfacet
 facet normal -0.937204 0.348782 0
  outer loop
   vertex 0.0069336 -0.00863813 -0.15
   vertex 0.00700186 -0.00845471 0.15
   vertex 0.00700186 -0.00845471 -0.15
  endloop
 endfacet
 facet normal -0.94978 0.312919 0
  outer loop
   vertex 0.00700186 -0.00845471 0.15
   vertex 0.00706971 -0.00824877 0.15
   vertex 0.00700186 -0.00845471 -0.15
  endloop
 endfacet
 facet normal -0.94978 0.312919 0
  outer loop
   vertex 0.00700186 -0.00845471 -0.15
   vertex 0.00706971 -0.00824877 0.15
   vertex 0.00706971 -0.00824877 -0.15
  endloop
 endfacet
 facet normal -0.960894 0.276917 0
  outer loop
   vertex 0.00706971 -0.00824877 0.15
   vertex 0.00713695 -0.00801545 0.15
   vertex 0.00706971 -0.00824877 -0.15
  endloop
 endfacet
 facet normal -0.960894 0.276917 0
  outer loop
   vertex 0.00706971 -0.00824877 -0.15
   vertex 0.00713695 -0.00801545 0.15
   vertex 0.00713695 -0.00801545 -0.15
  endloop
 endfacet
 facet normal -0.970526 0.240997 0
  outer loop
   vertex 0.00713695 -0.00801545 0.15
   vertex 0.00720331 -0.00774821 0.15
   vertex 0.00713695 -0.00801545 -0.15
  endloop
 endfacet
 facet normal -0.970526 0.240997 0
  outer loop
   vertex 0.00713695 -0.00801545 -0.15
   vertex 0.00720331 -0.00774821 0.15
   vertex 0.00720331 -0.00774821 -0.15
  endloop
 endfacet
 facet normal -0.978706 0.205265 0
  outer loop
   vertex 0.00720331 -0.00774821 0.15
   vertex 0.00726836 -0.00743805 0.15
   vertex 0.00720331 -0.00774821 -0.15
  endloop
 endfacet
 facet normal -0.978706 0.205265 0
  outer loop
   vertex 0.00720331 -0.00774821 -0.15
   vertex 0.00726836 -0.00743805 0.15
   vertex 0.00726836 -0.00743805 -0.15
  endloop
 endfacet
 facet normal -0.985451 0.169959 0
  outer loop
   vertex 0.00726836 -0.00743805 0.15
   vertex 0.00733149 -0.00707201 0.15
   vertex 0.00726836 -0.00743805 -0.15
  endloop
 endfacet
 facet normal -0.985451 0.169959 0
  outer loop
   vertex 0.00726836 -0.00743805 -0.15
   vertex 0.00733149 -0.00707201 0.15
   vertex 0.00733149 -0.00707201 -0.15
  endloop
 endfacet
 facet normal -0.991249 0.132002 0
  outer loop
   vertex 0.00733149 -0.00707201 0.15
   vertex 0.00740276 -0.00653682 0.15
   vertex 0.00733149 -0.00707201 -0.15
  endloop
 endfacet
 facet normal -0.991249 0.132002 0
  outer loop
   vertex 0.00733149 -0.00707201 -0.15
   vertex 0.00740276 -0.00653682 0.15
   vertex 0.00740276 -0.00653682 -0.15
  endloop
 endfacet
 facet normal -0.995786 0.0917081 0
  outer loop
   vertex 0.00740276 -0.00653682 0.15
   vertex 0.00747147 -0.00579075 0.15
   vertex 0.00740276 -0.00653682 -0.15
  endloop
 endfacet
 facet normal -0.995786 0.0917081 0
  outer loop
   vertex 0.00740276 -0.00653682 -0.15
   vertex 0.00747147 -0.00579075 0.15
   vertex 0.00747147 -0.00579075 -0.15
  endloop
 endfacet
 facet normal -0.998729 0.0504119 0
  outer loop
   vertex 0.00747147 -0.00579075 0.15
   vertex 0.007549 -0.00425478 0.15
   vertex 0.00747147 -0.00579075 -0.15
  endloop
 endfacet
 facet normal -0.998729 0.0504119 0
  outer loop
   vertex 0.00747147 -0.00579075 -0.15
   vertex 0.007549 -0.00425478 0.15
   vertex 0.007549 -0.00425478 -0.15
  endloop
 endfacet
 facet normal -0.999885 0.0151492 0
  outer loop
   vertex 0.007549 -0.00425478 0.15
   vertex 0.00762329 0.000648563 0.15
   vertex 0.007549 -0.00425478 -0.15
  endloop
 endfacet
 facet normal -0.999885 0.0151492 0
  outer loop
   vertex 0.007549 -0.00425478 -0.15
   vertex 0.00762329 0.000648563 0.15
   vertex 0.00762329 0.000648563 -0.15
  endloop
 endfacet
 facet normal -0.999813 -0.0193127 -0
  outer loop
   vertex 0.00762329 0.000648563 0.15
   vertex 0.00755948 0.003952 0.15
   vertex 0.00762329 0.000648563 -0.15
  endloop
 endfacet
 facet normal -0.999813 -0.0193127 0
  outer loop
   vertex 0.00762329 0.000648563 -0.15
   vertex 0.00755948 0.003952 0.15
   vertex 0.00755948 0.003952 -0.15
  endloop
 endfacet
 facet normal -0.999101 -0.0423968 -0
  outer loop
   vertex 0.00755948 0.003952 0.15
   vertex 0.00750013 0.00535061 0.15
   vertex 0.00755948 0.003952 -0.15
  endloop
 endfacet
 facet normal -0.999101 -0.0423968 0
  outer loop
   vertex 0.00755948 0.003952 -0.15
   vertex 0.00750013 0.00535061 0.15
   vertex 0.00750013 0.00535061 -0.15
  endloop
 endfacet
 facet normal -0.997293 -0.0735243 -0
  outer loop
   vertex 0.00750013 0.00535061 0.15
   vertex 0.0074376 0.00619878 0.15
   vertex 0.00750013 0.00535061 -0.15
  endloop
 endfacet
 facet normal -0.997293 -0.0735243 0
  outer loop
   vertex 0.00750013 0.00535061 -0.15
   vertex 0.0074376 0.00619878 0.15
   vertex 0.0074376 0.00619878 -0.15
  endloop
 endfacet
 facet normal -0.993972 -0.109635 -0
  outer loop
   vertex 0.0074376 0.00619878 0.15
   vertex 0.00737568 0.00676016 0.15
   vertex 0.0074376 0.00619878 -0.15
  endloop
 endfacet
 facet normal -0.993972 -0.109635 0
  outer loop
   vertex 0.0074376 0.00619878 -0.15
   vertex 0.00737568 0.00676016 0.15
   vertex 0.00737568 0.00676016 -0.15
  endloop
 endfacet
 facet normal -0.989273 -0.146077 -0
  outer loop
   vertex 0.00737568 0.00676016 0.15
   vertex 0.00730929 0.00720977 0.15
   vertex 0.00737568 0.00676016 -0.15
  endloop
 endfacet
 facet normal -0.989273 -0.146077 0
  outer loop
   vertex 0.00737568 0.00676016 -0.15
   vertex 0.00730929 0.00720977 0.15
   vertex 0.00730929 0.00720977 -0.15
  endloop
 endfacet
 facet normal -0.983002 -0.183594 -0
  outer loop
   vertex 0.00730929 0.00720977 0.15
   vertex 0.007241 0.00757541 0.15
   vertex 0.00730929 0.00720977 -0.15
  endloop
 endfacet
 facet normal -0.983002 -0.183594 0
  outer loop
   vertex 0.00730929 0.00720977 -0.15
   vertex 0.007241 0.00757541 0.15
   vertex 0.007241 0.00757541 -0.15
  endloop
 endfacet
 facet normal -0.975203 -0.221313 -0
  outer loop
   vertex 0.007241 0.00757541 0.15
   vertex 0.00717174 0.0078806 0.15
   vertex 0.007241 0.00757541 -0.15
  endloop
 endfacet
 facet normal -0.975203 -0.221313 0
  outer loop
   vertex 0.007241 0.00757541 -0.15
   vertex 0.00717174 0.0078806 0.15
   vertex 0.00717174 0.0078806 -0.15
  endloop
 endfacet
 facet normal -0.965914 -0.258864 -0
  outer loop
   vertex 0.00717174 0.0078806 0.15
   vertex 0.00710206 0.0081406 0.15
   vertex 0.00717174 0.0078806 -0.15
  endloop
 endfacet
 facet normal -0.965914 -0.258864 0
  outer loop
   vertex 0.00717174 0.0078806 -0.15
   vertex 0.00710206 0.0081406 0.15
   vertex 0.00710206 0.0081406 -0.15
  endloop
 endfacet
 facet normal -0.955115 -0.296235 -0
  outer loop
   vertex 0.00710206 0.0081406 0.15
   vertex 0.00703225 0.00836568 0.15
   vertex 0.00710206 0.0081406 -0.15
  endloop
 endfacet
 facet normal -0.955115 -0.296235 0
  outer loop
   vertex 0.00710206 0.0081406 -0.15
   vertex 0.00703225 0.00836568 0.15
   vertex 0.00703225 0.00836568 -0.15
  endloop
 endfacet
 facet normal -0.942871 -0.333158 -0
  outer loop
   vertex 0.00703225 0.00836568 0.15
   vertex 0.0069625 0.00856308 0.15
   vertex 0.00703225 0.00836568 -0.15
  endloop
 endfacet
 facet normal -0.942871 -0.333158 0
  outer loop
   vertex 0.00703225 0.00836568 -0.15
   vertex 0.0069625 0.00856308 0.15
   vertex 0.0069625 0.00856308 -0.15
  endloop
 endfacet
 facet normal -0.929149 -0.369705 -0
  outer loop
   vertex 0.0069625 0.00856308 0.15
   vertex 0.00689288 0.00873805 0.15
   vertex 0.0069625 0.00856308 -0.15
  endloop
 endfacet
 facet normal -0.929149 -0.369705 0
  outer loop
   vertex 0.0069625 0.00856308 -0.15
   vertex 0.00689288 0.00873805 0.15
   vertex 0.00689288 0.00873805 -0.15
  endloop
 endfacet
 facet normal -0.913996 -0.405723 -0
  outer loop
   vertex 0.00689288 0.00873805 0.15
   vertex 0.00682341 0.00889455 0.15
   vertex 0.00689288 0.00873805 -0.15
  endloop
 endfacet
 facet normal -0.913996 -0.405723 0
  outer loop
   vertex 0.00689288 0.00873805 -0.15
   vertex 0.00682341 0.00889455 0.15
   vertex 0.00682341 0.00889455 -0.15
  endloop
 endfacet
 facet normal -0.897422 -0.441172 -0
  outer loop
   vertex 0.00682341 0.00889455 0.15
   vertex 0.00675406 0.00903562 0.15
   vertex 0.00682341 0.00889455 -0.15
  endloop
 endfacet
 facet normal -0.897422 -0.441172 0
  outer loop
   vertex 0.00682341 0.00889455 -0.15
   vertex 0.00675406 0.00903562 0.15
   vertex 0.00675406 0.00903562 -0.15
  endloop
 endfacet
 facet normal -0.878916 -0.476976 -0
  outer loop
   vertex 0.00675406 0.00903562 0.15
   vertex 0.00668026 0.00917161 0.15
   vertex 0.00675406 0.00903562 -0.15
  endloop
 endfacet
 facet normal -0.878916 -0.476976 0
  outer loop
   vertex 0.00675406 0.00903562 -0.15
   vertex 0.00668026 0.00917161 0.15
   vertex 0.00668026 0.00917161 -0.15
  endloop
 endfacet
 facet normal -0.858855 -0.512219 -0
  outer loop
   vertex 0.00668026 0.00917161 0.15
   vertex 0.00661097 0.00928779 0.15
   vertex 0.00668026 0.00917161 -0.15
  endloop
 endfacet
 facet normal -0.858855 -0.512219 0
  outer loop
   vertex 0.00668026 0.00917161 -0.15
   vertex 0.00661097 0.00928779 0.15
   vertex 0.00661097 0.00928779 -0.15
  endloop
 endfacet
 facet normal -0.838176 -0.5454 -0
  outer loop
   vertex 0.00661097 0.00928779 0.15
   vertex 0.00654156 0.00939446 0.15
   vertex 0.00661097 0.00928779 -0.15
  endloop
 endfacet
 facet normal -0.838176 -0.5454 0
  outer loop
   vertex 0.00661097 0.00928779 -0.15
   vertex 0.00654156 0.00939446 0.15
   vertex 0.00654156 0.00939446 -0.15
  endloop
 endfacet
 facet normal -0.814923 -0.579569 -0
  outer loop
   vertex 0.00654156 0.00939446 0.15
   vertex 0.00646426 0.00950315 0.15
   vertex 0.00654156 0.00939446 -0.15
  endloop
 endfacet
 facet normal -0.814923 -0.579569 0
  outer loop
   vertex 0.00654156 0.00939446 -0.15
   vertex 0.00646426 0.00950315 0.15
   vertex 0.00646426 0.00950315 -0.15
  endloop
 endfacet
 facet normal -0.788992 -0.614403 -0
  outer loop
   vertex 0.00646426 0.00950315 0.15
   vertex 0.00638677 0.00960266 0.15
   vertex 0.00646426 0.00950315 -0.15
  endloop
 endfacet
 facet normal -0.788992 -0.614403 0
  outer loop
   vertex 0.00646426 0.00950315 -0.15
   vertex 0.00638677 0.00960266 0.15
   vertex 0.00638677 0.00960266 -0.15
  endloop
 endfacet
 facet normal -0.761712 -0.647916 -0
  outer loop
   vertex 0.00638677 0.00960266 0.15
   vertex 0.00630911 0.00969396 0.15
   vertex 0.00638677 0.00960266 -0.15
  endloop
 endfacet
 facet normal -0.761712 -0.647916 0
  outer loop
   vertex 0.00638677 0.00960266 -0.15
   vertex 0.00630911 0.00969396 0.15
   vertex 0.00630911 0.00969396 -0.15
  endloop
 endfacet
 facet normal -0.73313 -0.680089 -0
  outer loop
   vertex 0.00630911 0.00969396 0.15
   vertex 0.00623102 0.00977814 0.15
   vertex 0.00630911 0.00969396 -0.15
  endloop
 endfacet
 facet normal -0.73313 -0.680089 0
  outer loop
   vertex 0.00630911 0.00969396 -0.15
   vertex 0.00623102 0.00977814 0.15
   vertex 0.00623102 0.00977814 -0.15
  endloop
 endfacet
 facet normal -0.703443 -0.710752 -0
  outer loop
   vertex 0.00623102 0.00977814 0.15
   vertex 0.00615228 0.00985607 0.15
   vertex 0.00623102 0.00977814 -0.15
  endloop
 endfacet
 facet normal -0.703443 -0.710752 0
  outer loop
   vertex 0.00623102 0.00977814 -0.15
   vertex 0.00615228 0.00985607 0.15
   vertex 0.00615228 0.00985607 -0.15
  endloop
 endfacet
 facet normal -0.672523 -0.740076 -0
  outer loop
   vertex 0.00615228 0.00985607 0.15
   vertex 0.00607263 0.00992845 0.15
   vertex 0.00615228 0.00985607 -0.15
  endloop
 endfacet
 facet normal -0.672523 -0.740076 0
  outer loop
   vertex 0.00615228 0.00985607 -0.15
   vertex 0.00607263 0.00992845 0.15
   vertex 0.00607263 0.00992845 -0.15
  endloop
 endfacet
 facet normal -0.640578 -0.767893 -0
  outer loop
   vertex 0.00607263 0.00992845 0.15
   vertex 0.00599181 0.00999587 0.15
   vertex 0.00607263 0.00992845 -0.15
  endloop
 endfacet
 facet normal -0.640578 -0.767893 0
  outer loop
   vertex 0.00607263 0.00992845 -0.15
   vertex 0.00599181 0.00999587 0.15
   vertex 0.00599181 0.00999587 -0.15
  endloop
 endfacet
 facet normal -0.607694 -0.794171 -0
  outer loop
   vertex 0.00599181 0.00999587 0.15
   vertex 0.00590957 0.0100588 0.15
   vertex 0.00599181 0.00999587 -0.15
  endloop
 endfacet
 facet normal -0.607694 -0.794171 0
  outer loop
   vertex 0.00599181 0.00999587 -0.15
   vertex 0.00590957 0.0100588 0.15
   vertex 0.00590957 0.0100588 -0.15
  endloop
 endfacet
 facet normal -0.57515 -0.818048 -0
  outer loop
   vertex 0.00590957 0.0100588 0.15
   vertex 0.00582423 0.0101188 0.15
   vertex 0.00590957 0.0100588 -0.15
  endloop
 endfacet
 facet normal -0.57515 -0.818048 0
  outer loop
   vertex 0.00590957 0.0100588 -0.15
   vertex 0.00582423 0.0101188 0.15
   vertex 0.00582423 0.0101188 -0.15
  endloop
 endfacet
 facet normal -0.541404 -0.840762 -0
  outer loop
   vertex 0.00582423 0.0101188 0.15
   vertex 0.00573354 0.0101772 0.15
   vertex 0.00582423 0.0101188 -0.15
  endloop
 endfacet
 facet normal -0.541404 -0.840762 0
  outer loop
   vertex 0.00582423 0.0101188 -0.15
   vertex 0.00573354 0.0101772 0.15
   vertex 0.00573354 0.0101772 -0.15
  endloop
 endfacet
 facet normal -0.507567 -0.861612 -0
  outer loop
   vertex 0.00573354 0.0101772 0.15
   vertex 0.00563695 0.0102341 0.15
   vertex 0.00573354 0.0101772 -0.15
  endloop
 endfacet
 facet normal -0.507567 -0.861612 0
  outer loop
   vertex 0.00573354 0.0101772 -0.15
   vertex 0.00563695 0.0102341 0.15
   vertex 0.00563695 0.0102341 -0.15
  endloop
 endfacet
 facet normal -0.472423 -0.881372 -0
  outer loop
   vertex 0.00563695 0.0102341 0.15
   vertex 0.00553378 0.0102894 0.15
   vertex 0.00563695 0.0102341 -0.15
  endloop
 endfacet
 facet normal -0.472423 -0.881372 0
  outer loop
   vertex 0.00563695 0.0102341 -0.15
   vertex 0.00553378 0.0102894 0.15
   vertex 0.00553378 0.0102894 -0.15
  endloop
 endfacet
 facet normal -0.436997 -0.899463 -0
  outer loop
   vertex 0.00553378 0.0102894 0.15
   vertex 0.00542325 0.0103431 0.15
   vertex 0.00553378 0.0102894 -0.15
  endloop
 endfacet
 facet normal -0.436997 -0.899463 0
  outer loop
   vertex 0.00553378 0.0102894 -0.15
   vertex 0.00542325 0.0103431 0.15
   vertex 0.00542325 0.0103431 -0.15
  endloop
 endfacet
 facet normal -0.401068 -0.916048 -0
  outer loop
   vertex 0.00542325 0.0103431 0.15
   vertex 0.00530448 0.0103951 0.15
   vertex 0.00542325 0.0103431 -0.15
  endloop
 endfacet
 facet normal -0.401068 -0.916048 0
  outer loop
   vertex 0.00542325 0.0103431 -0.15
   vertex 0.00530448 0.0103951 0.15
   vertex 0.00530448 0.0103951 -0.15
  endloop
 endfacet
 facet normal -0.364909 -0.931043 -0
  outer loop
   vertex 0.00530448 0.0103951 0.15
   vertex 0.0051764 0.0104453 0.15
   vertex 0.00530448 0.0103951 -0.15
  endloop
 endfacet
 facet normal -0.364909 -0.931043 0
  outer loop
   vertex 0.00530448 0.0103951 -0.15
   vertex 0.0051764 0.0104453 0.15
   vertex 0.0051764 0.0104453 -0.15
  endloop
 endfacet
 facet normal -0.327275 -0.944929 -0
  outer loop
   vertex 0.0051764 0.0104453 0.15
   vertex 0.00503781 0.0104933 0.15
   vertex 0.0051764 0.0104453 -0.15
  endloop
 endfacet
 facet normal -0.327275 -0.944929 0
  outer loop
   vertex 0.0051764 0.0104453 -0.15
   vertex 0.00503781 0.0104933 0.15
   vertex 0.00503781 0.0104933 -0.15
  endloop
 endfacet
 facet normal -0.290518 -0.956869 -0
  outer loop
   vertex 0.00503781 0.0104933 0.15
   vertex 0.00488729 0.010539 0.15
   vertex 0.00503781 0.0104933 -0.15
  endloop
 endfacet
 facet normal -0.290518 -0.956869 0
  outer loop
   vertex 0.00503781 0.0104933 -0.15
   vertex 0.00488729 0.010539 0.15
   vertex 0.00488729 0.010539 -0.15
  endloop
 endfacet
 facet normal -0.253435 -0.967352 -0
  outer loop
   vertex 0.00488729 0.010539 0.15
   vertex 0.00472316 0.010582 0.15
   vertex 0.00488729 0.010539 -0.15
  endloop
 endfacet
 facet normal -0.253435 -0.967352 0
  outer loop
   vertex 0.00488729 0.010539 -0.15
   vertex 0.00472316 0.010582 0.15
   vertex 0.00472316 0.010582 -0.15
  endloop
 endfacet
 facet normal -0.2137 -0.976899 -0
  outer loop
   vertex 0.00472316 0.010582 0.15
   vertex 0.00453299 0.0106236 0.15
   vertex 0.00472316 0.010582 -0.15
  endloop
 endfacet
 facet normal -0.2137 -0.976899 0
  outer loop
   vertex 0.00472316 0.010582 -0.15
   vertex 0.00453299 0.0106236 0.15
   vertex 0.00453299 0.0106236 -0.15
  endloop
 endfacet
 facet normal -0.175763 -0.984433 -0
  outer loop
   vertex 0.00453299 0.0106236 0.15
   vertex 0.00433472 0.010659 0.15
   vertex 0.00453299 0.0106236 -0.15
  endloop
 endfacet
 facet normal -0.175763 -0.984433 0
  outer loop
   vertex 0.00453299 0.0106236 -0.15
   vertex 0.00433472 0.010659 0.15
   vertex 0.00433472 0.010659 -0.15
  endloop
 endfacet
 facet normal -0.137213 -0.990542 -0
  outer loop
   vertex 0.00433472 0.010659 0.15
   vertex 0.00411526 0.0106894 0.15
   vertex 0.00433472 0.010659 -0.15
  endloop
 endfacet
 facet normal -0.137213 -0.990542 0
  outer loop
   vertex 0.00433472 0.010659 -0.15
   vertex 0.00411526 0.0106894 0.15
   vertex 0.00411526 0.0106894 -0.15
  endloop
 endfacet
 facet normal -0.0996724 -0.99502 -0
  outer loop
   vertex 0.00411526 0.0106894 0.15
   vertex 0.00387168 0.0107138 0.15
   vertex 0.00411526 0.0106894 -0.15
  endloop
 endfacet
 facet normal -0.0996724 -0.99502 0
  outer loop
   vertex 0.00411526 0.0106894 -0.15
   vertex 0.00387168 0.0107138 0.15
   vertex 0.00387168 0.0107138 -0.15
  endloop
 endfacet
 facet normal -0.0613576 -0.998116 -0
  outer loop
   vertex 0.00387168 0.0107138 0.15
   vertex 0.00360001 0.0107305 0.15
   vertex 0.00387168 0.0107138 -0.15
  endloop
 endfacet
 facet normal -0.0613576 -0.998116 0
  outer loop
   vertex 0.00387168 0.0107138 -0.15
   vertex 0.00360001 0.0107305 0.15
   vertex 0.00360001 0.0107305 -0.15
  endloop
 endfacet
 facet normal -0.0242929 -0.999705 -0
  outer loop
   vertex 0.00360001 0.0107305 0.15
   vertex 0.00329551 0.0107379 0.15
   vertex 0.00360001 0.0107305 -0.15
  endloop
 endfacet
 facet normal -0.0242929 -0.999705 0
  outer loop
   vertex 0.00360001 0.0107305 -0.15
   vertex 0.00329551 0.0107379 0.15
   vertex 0.00329551 0.0107379 -0.15
  endloop
 endfacet
 facet normal 0.0136993 -0.999906 0
  outer loop
   vertex 0.00329551 0.0107379 0.15
   vertex 0.0029525 0.0107332 0.15
   vertex 0.00329551 0.0107379 -0.15
  endloop
 endfacet
 facet normal 0.0136993 -0.999906 0
  outer loop
   vertex 0.00329551 0.0107379 -0.15
   vertex 0.0029525 0.0107332 0.15
   vertex 0.0029525 0.0107332 -0.15
  endloop
 endfacet
 facet normal 0.0504229 -0.998728 0
  outer loop
   vertex 0.0029525 0.0107332 0.15
   vertex 0.00256427 0.0107136 0.15
   vertex 0.0029525 0.0107332 -0.15
  endloop
 endfacet
 facet normal 0.0504229 -0.998728 0
  outer loop
   vertex 0.0029525 0.0107332 -0.15
   vertex 0.00256427 0.0107136 0.15
   vertex 0.00256427 0.0107136 -0.15
  endloop
 endfacet
 facet normal 0.0875601 -0.996159 0
  outer loop
   vertex 0.00256427 0.0107136 0.15
   vertex 0.00212285 0.0106748 0.15
   vertex 0.00256427 0.0107136 -0.15
  endloop
 endfacet
 facet normal 0.0875601 -0.996159 0
  outer loop
   vertex 0.00256427 0.0107136 -0.15
   vertex 0.00212285 0.0106748 0.15
   vertex 0.00212285 0.0106748 -0.15
  endloop
 endfacet
 facet normal 0.123698 -0.99232 0
  outer loop
   vertex 0.00212285 0.0106748 0.15
   vertex 0.00161906 0.010612 0.15
   vertex 0.00212285 0.0106748 -0.15
  endloop
 endfacet
 facet normal 0.123698 -0.99232 0
  outer loop
   vertex 0.00212285 0.0106748 -0.15
   vertex 0.00161906 0.010612 0.15
   vertex 0.00161906 0.010612 -0.15
  endloop
 endfacet
 facet normal 0.159927 -0.987129 0
  outer loop
   vertex 0.00161906 0.010612 0.15
   vertex 0.00104009 0.0105182 0.15
   vertex 0.00161906 0.010612 -0.15
  endloop
 endfacet
 facet normal 0.159927 -0.987129 0
  outer loop
   vertex 0.00161906 0.010612 -0.15
   vertex 0.00104009 0.0105182 0.15
   vertex 0.00104009 0.0105182 -0.15
  endloop
 endfacet
 facet normal 0.195092 -0.980785 0
  outer loop
   vertex 0.00104009 0.0105182 0.15
   vertex 0.000380508 0.010387 0.15
   vertex 0.00104009 0.0105182 -0.15
  endloop
 endfacet
 facet normal 0.195092 -0.980785 0
  outer loop
   vertex 0.00104009 0.0105182 -0.15
   vertex 0.000380508 0.010387 0.15
   vertex 0.000380508 0.010387 -0.15
  endloop
 endfacet
 facet normal 0.230023 -0.973185 0
  outer loop
   vertex 0.000380508 0.010387 0.15
   vertex -0.000370883 0.0102094 0.15
   vertex 0.000380508 0.010387 -0.15
  endloop
 endfacet
 facet normal 0.230023 -0.973185 0
  outer loop
   vertex 0.000380508 0.010387 -0.15
   vertex -0.000370883 0.0102094 0.15
   vertex -0.000370883 0.0102094 -0.15
  endloop
 endfacet
 facet normal 0.266345 -0.963878 0
  outer loop
   vertex -0.000370883 0.0102094 0.15
   vertex -0.00121496 0.00997616 0.15
   vertex -0.000370883 0.0102094 -0.15
  endloop
 endfacet
 facet normal 0.266345 -0.963878 0
  outer loop
   vertex -0.000370883 0.0102094 -0.15
   vertex -0.00121496 0.00997616 0.15
   vertex -0.00121496 0.00997616 -0.15
  endloop
 endfacet
 facet normal 0.305817 -0.95209 0
  outer loop
   vertex -0.00121496 0.00997616 0.15
   vertex -0.00205081 0.00970768 0.15
   vertex -0.00121496 0.00997616 -0.15
  endloop
 endfacet
 facet normal 0.305817 -0.95209 0
  outer loop
   vertex -0.00121496 0.00997616 -0.15
   vertex -0.00205081 0.00970768 0.15
   vertex -0.00205081 0.00970768 -0.15
  endloop
 endfacet
 facet normal 0.345404 -0.938454 0
  outer loop
   vertex -0.00205081 0.00970768 0.15
   vertex -0.00284691 0.00941467 0.15
   vertex -0.00205081 0.00970768 -0.15
  endloop
 endfacet
 facet normal 0.345404 -0.938454 0
  outer loop
   vertex -0.00205081 0.00970768 -0.15
   vertex -0.00284691 0.00941467 0.15
   vertex -0.00284691 0.00941467 -0.15
  endloop
 endfacet
 facet normal 0.384254 -0.923227 0
  outer loop
   vertex -0.00284691 0.00941467 0.15
   vertex -0.0036073 0.00909819 0.15
   vertex -0.00284691 0.00941467 -0.15
  endloop
 endfacet
 facet normal 0.384254 -0.923227 0
  outer loop
   vertex -0.00284691 0.00941467 -0.15
   vertex -0.0036073 0.00909819 0.15
   vertex -0.0036073 0.00909819 -0.15
  endloop
 endfacet
 facet normal 0.422319 -0.906447 0
  outer loop
   vertex -0.0036073 0.00909819 0.15
   vertex -0.00433573 0.00875881 0.15
   vertex -0.0036073 0.00909819 -0.15
  endloop
 endfacet
 facet normal 0.422319 -0.906447 0
  outer loop
   vertex -0.0036073 0.00909819 -0.15
   vertex -0.00433573 0.00875881 0.15
   vertex -0.00433573 0.00875881 -0.15
  endloop
 endfacet
 facet normal 0.459549 -0.888152 0
  outer loop
   vertex -0.00433573 0.00875881 0.15
   vertex -0.00503659 0.00839617 0.15
   vertex -0.00433573 0.00875881 -0.15
  endloop
 endfacet
 facet normal 0.459549 -0.888152 0
  outer loop
   vertex -0.00433573 0.00875881 -0.15
   vertex -0.00503659 0.00839617 0.15
   vertex -0.00503659 0.00839617 -0.15
  endloop
 endfacet
 facet normal 0.495851 -0.868407 0
  outer loop
   vertex -0.00503659 0.00839617 0.15
   vertex -0.00571042 0.00801142 0.15
   vertex -0.00503659 0.00839617 -0.15
  endloop
 endfacet
 facet normal 0.495851 -0.868407 0
  outer loop
   vertex -0.00503659 0.00839617 -0.15
   vertex -0.00571042 0.00801142 0.15
   vertex -0.00571042 0.00801142 -0.15
  endloop
 endfacet
 facet normal 0.531214 -0.847238 0
  outer loop
   vertex -0.00571042 0.00801142 0.15
   vertex -0.00636084 0.00760361 0.15
   vertex -0.00571042 0.00801142 -0.15
  endloop
 endfacet
 facet normal 0.531214 -0.847238 0
  outer loop
   vertex -0.00571042 0.00801142 -0.15
   vertex -0.00636084 0.00760361 0.15
   vertex -0.00636084 0.00760361 -0.15
  endloop
 endfacet
 facet normal 0.566539 -0.824035 0
  outer loop
   vertex -0.00636084 0.00760361 0.15
   vertex -0.00698606 0.00717376 0.15
   vertex -0.00636084 0.00760361 -0.15
  endloop
 endfacet
 facet normal 0.566539 -0.824035 0
  outer loop
   vertex -0.00636084 0.00760361 -0.15
   vertex -0.00698606 0.00717376 0.15
   vertex -0.00698606 0.00717376 -0.15
  endloop
 endfacet
 facet normal 0.60018 -0.799865 0
  outer loop
   vertex -0.00698606 0.00717376 0.15
   vertex -0.00749898 0.00678889 0.15
   vertex -0.00698606 0.00717376 -0.15
  endloop
 endfacet
 facet normal 0.60018 -0.799865 0
  outer loop
   vertex -0.00698606 0.00717376 -0.15
   vertex -0.00749898 0.00678889 0.15
   vertex -0.00749898 0.00678889 -0.15
  endloop
 endfacet
 facet normal 0.632632 -0.774453 0
  outer loop
   vertex -0.00749898 0.00678889 0.15
   vertex -0.00801983 0.00636342 0.15
   vertex -0.00749898 0.00678889 -0.15
  endloop
 endfacet
 facet normal 0.632632 -0.774453 0
  outer loop
   vertex -0.00749898 0.00678889 -0.15
   vertex -0.00801983 0.00636342 0.15
   vertex -0.00801983 0.00636342 -0.15
  endloop
 endfacet
 facet normal 0.665492 -0.746405 0
  outer loop
   vertex -0.00801983 0.00636342 0.15
   vertex -0.00849722 0.00593778 0.15
   vertex -0.00801983 0.00636342 -0.15
  endloop
 endfacet
 facet normal 0.665492 -0.746405 0
  outer loop
   vertex -0.00801983 0.00636342 -0.15
   vertex -0.00849722 0.00593778 0.15
   vertex -0.00849722 0.00593778 -0.15
  endloop
 endfacet
 facet normal 0.696932 -0.717138 0
  outer loop
   vertex -0.00849722 0.00593778 0.15
   vertex -0.00893695 0.00551044 0.15
   vertex -0.00849722 0.00593778 -0.15
  endloop
 endfacet
 facet normal 0.696932 -0.717138 0
  outer loop
   vertex -0.00849722 0.00593778 -0.15
   vertex -0.00893695 0.00551044 0.15
   vertex -0.00893695 0.00551044 -0.15
  endloop
 endfacet
 facet normal 0.726844 -0.686803 0
  outer loop
   vertex -0.00893695 0.00551044 0.15
   vertex -0.00934467 0.00507895 0.15
   vertex -0.00893695 0.00551044 -0.15
  endloop
 endfacet
 facet normal 0.726844 -0.686803 0
  outer loop
   vertex -0.00893695 0.00551044 -0.15
   vertex -0.00934467 0.00507895 0.15
   vertex -0.00934467 0.00507895 -0.15
  endloop
 endfacet
 facet normal 0.755048 -0.65567 0
  outer loop
   vertex -0.00934467 0.00507895 0.15
   vertex -0.00971876 0.00464816 0.15
   vertex -0.00934467 0.00507895 -0.15
  endloop
 endfacet
 facet normal 0.755048 -0.65567 0
  outer loop
   vertex -0.00934467 0.00507895 -0.15
   vertex -0.00971876 0.00464816 0.15
   vertex -0.00971876 0.00464816 -0.15
  endloop
 endfacet
 facet normal 0.781742 -0.623602 0
  outer loop
   vertex -0.00971876 0.00464816 0.15
   vertex -0.0100752 0.00420133 0.15
   vertex -0.00971876 0.00464816 -0.15
  endloop
 endfacet
 facet normal 0.781742 -0.623602 0
  outer loop
   vertex -0.00971876 0.00464816 -0.15
   vertex -0.0100752 0.00420133 0.15
   vertex -0.0100752 0.00420133 -0.15
  endloop
 endfacet
 facet normal 0.806203 -0.591639 0
  outer loop
   vertex -0.0100752 0.00420133 0.15
   vertex -0.0103655 0.00380575 0.15
   vertex -0.0100752 0.00420133 -0.15
  endloop
 endfacet
 facet normal 0.806203 -0.591639 0
  outer loop
   vertex -0.0100752 0.00420133 -0.15
   vertex -0.0103655 0.00380575 0.15
   vertex -0.0103655 0.00380575 -0.15
  endloop
 endfacet
 facet normal 0.828712 -0.559675 0
  outer loop
   vertex -0.0103655 0.00380575 0.15
   vertex -0.0106127 0.00343972 0.15
   vertex -0.0103655 0.00380575 -0.15
  endloop
 endfacet
 facet normal 0.828712 -0.559675 0
  outer loop
   vertex -0.0103655 0.00380575 -0.15
   vertex -0.0106127 0.00343972 0.15
   vertex -0.0106127 0.00343972 -0.15
  endloop
 endfacet
 facet normal 0.849721 -0.527232 0
  outer loop
   vertex -0.0106127 0.00343972 0.15
   vertex -0.0108236 0.00309982 0.15
   vertex -0.0106127 0.00343972 -0.15
  endloop
 endfacet
 facet normal 0.849721 -0.527232 0
  outer loop
   vertex -0.0106127 0.00343972 -0.15
   vertex -0.0108236 0.00309982 0.15
   vertex -0.0108236 0.00309982 -0.15
  endloop
 endfacet
 facet normal 0.869751 -0.49349 0
  outer loop
   vertex -0.0108236 0.00309982 0.15
   vertex -0.0110031 0.00278346 0.15
   vertex -0.0108236 0.00309982 -0.15
  endloop
 endfacet
 facet normal 0.869751 -0.49349 0
  outer loop
   vertex -0.0108236 0.00309982 -0.15
   vertex -0.0110031 0.00278346 0.15
   vertex -0.0110031 0.00278346 -0.15
  endloop
 endfacet
 facet normal 0.888275 -0.459312 0
  outer loop
   vertex -0.0110031 0.00278346 0.15
   vertex -0.0111558 0.00248815 0.15
   vertex -0.0110031 0.00278346 -0.15
  endloop
 endfacet
 facet normal 0.888275 -0.459312 0
  outer loop
   vertex -0.0110031 0.00278346 -0.15
   vertex -0.0111558 0.00248815 0.15
   vertex -0.0111558 0.00248815 -0.15
  endloop
 endfacet
 facet normal 0.905494 -0.424359 0
  outer loop
   vertex -0.0111558 0.00248815 0.15
   vertex -0.0112854 0.00221161 0.15
   vertex -0.0111558 0.00248815 -0.15
  endloop
 endfacet
 facet normal 0.905494 -0.424359 0
  outer loop
   vertex -0.0111558 0.00248815 -0.15
   vertex -0.0112854 0.00221161 0.15
   vertex -0.0112854 0.00221161 -0.15
  endloop
 endfacet
 facet normal 0.921527 -0.388314 0
  outer loop
   vertex -0.0112854 0.00221161 0.15
   vertex -0.0113949 0.00195175 0.15
   vertex -0.0112854 0.00221161 -0.15
  endloop
 endfacet
 facet normal 0.921527 -0.388314 0
  outer loop
   vertex -0.0112854 0.00221161 -0.15
   vertex -0.0113949 0.00195175 0.15
   vertex -0.0113949 0.00195175 -0.15
  endloop
 endfacet
 facet normal 0.935809 -0.352507 0
  outer loop
   vertex -0.0113949 0.00195175 0.15
   vertex -0.0114872 0.00170672 0.15
   vertex -0.0113949 0.00195175 -0.15
  endloop
 endfacet
 facet normal 0.935809 -0.352507 0
  outer loop
   vertex -0.0113949 0.00195175 -0.15
   vertex -0.0114872 0.00170672 0.15
   vertex -0.0114872 0.00170672 -0.15
  endloop
 endfacet
 facet normal 0.949031 -0.315183 0
  outer loop
   vertex -0.0114872 0.00170672 0.15
   vertex -0.0115642 0.00147487 0.15
   vertex -0.0114872 0.00170672 -0.15
  endloop
 endfacet
 facet normal 0.949031 -0.315183 0
  outer loop
   vertex -0.0114872 0.00170672 -0.15
   vertex -0.0115642 0.00147487 0.15
   vertex -0.0115642 0.00147487 -0.15
  endloop
 endfacet
 facet normal 0.960592 -0.277961 0
  outer loop
   vertex -0.0115642 0.00147487 0.15
   vertex -0.0116279 0.00125473 0.15
   vertex -0.0115642 0.00147487 -0.15
  endloop
 endfacet
 facet normal 0.960592 -0.277961 0
  outer loop
   vertex -0.0115642 0.00147487 -0.15
   vertex -0.0116279 0.00125473 0.15
   vertex -0.0116279 0.00125473 -0.15
  endloop
 endfacet
 facet normal 0.970728 -0.240182 0
  outer loop
   vertex -0.0116279 0.00125473 0.15
   vertex -0.0116798 0.00104497 0.15
   vertex -0.0116279 0.00125473 -0.15
  endloop
 endfacet
 facet normal 0.970728 -0.240182 0
  outer loop
   vertex -0.0116279 0.00125473 -0.15
   vertex -0.0116798 0.00104497 0.15
   vertex -0.0116798 0.00104497 -0.15
  endloop
 endfacet
 facet normal 0.979853 -0.199719 0
  outer loop
   vertex -0.0116798 0.00104497 0.15
   vertex -0.0117252 0.00082223 0.15
   vertex -0.0116798 0.00104497 -0.15
  endloop
 endfacet
 facet normal 0.979853 -0.199719 0
  outer loop
   vertex -0.0116798 0.00104497 -0.15
   vertex -0.0117252 0.00082223 0.15
   vertex -0.0117252 0.00082223 -0.15
  endloop
 endfacet
 facet normal 0.987626 -0.156825 0
  outer loop
   vertex -0.0117252 0.00082223 0.15
   vertex -0.0117589 0.000610001 0.15
   vertex -0.0117252 0.00082223 -0.15
  endloop
 endfacet
 facet normal 0.987626 -0.156825 0
  outer loop
   vertex -0.0117252 0.00082223 -0.15
   vertex -0.0117589 0.000610001 0.15
   vertex -0.0117589 0.000610001 -0.15
  endloop
 endfacet
 facet normal 0.9935 -0.113833 0
  outer loop
   vertex -0.0117589 0.000610001 0.15
   vertex -0.0117821 0.000407517 0.15
   vertex -0.0117589 0.000610001 -0.15
  endloop
 endfacet
 facet normal 0.9935 -0.113833 0
  outer loop
   vertex -0.0117589 0.000610001 -0.15
   vertex -0.0117821 0.000407517 0.15
   vertex -0.0117821 0.000407517 -0.15
  endloop
 endfacet
 facet normal 0.99748 -0.0709451 0
  outer loop
   vertex -0.0117821 0.000407517 0.15
   vertex -0.0117959 0.000213499 0.15
   vertex -0.0117821 0.000407517 -0.15
  endloop
 endfacet
 facet normal 0.99748 -0.0709451 0
  outer loop
   vertex -0.0117821 0.000407517 -0.15
   vertex -0.0117959 0.000213499 0.15
   vertex -0.0117959 0.000213499 -0.15
  endloop
 endfacet
 facet normal 0.999553 -0.0299022 0
  outer loop
   vertex -0.0117959 0.000213499 0.15
   vertex -0.011801 4.30217e-05 0.15
   vertex -0.0117959 0.000213499 -0.15
  endloop
 endfacet
 facet normal 0.999553 -0.0299022 0
  outer loop
   vertex -0.0117959 0.000213499 -0.15
   vertex -0.011801 4.30217e-05 0.15
   vertex -0.011801 4.30217e-05 -0.15
  endloop
 endfacet
 facet normal 0.999989 -0.00465421 0
  outer loop
   vertex -0.011801 4.30217e-05 0.15
   vertex -0.0118012 -0 0.15
   vertex -0.011801 4.30217e-05 -0.15
  endloop
 endfacet
 facet normal 0 0 1
  outer loop
   vertex -0.0117959 0.000213499 -0.15
   vertex -0.011801 4.30217e-05 -0.15
   vertex 0.00672384 -0.00909295 -0.15
  endloop
 endfacet
 facet normal 0 0 1
  outer loop
   vertex -0.011801 4.30217e-05 -0.15
   vertex -0.0118012 -0 -0.15
   vertex 0.00672384 -0.00909295 -0.15
  endloop
 endfacet
 facet normal 0 0 1
  outer loop
   vertex -0.0117252 0.00082223 -0.15
   vertex -0.0117589 0.000610001 -0.15
   vertex 0.00672384 -0.00909295 -0.15
  endloop
 endfacet
 facet normal 0 0 1
  outer loop
   vertex -0.0117589 0.000610001 -0.15
   vertex -0.0117821 0.000407517 -0.15
   vertex 0.00672384 -0.00909295 -0.15
  endloop
 endfacet
 facet normal 0 0 1
  outer loop
   vertex 0.00672384 -0.00909295 -0.15
   vertex -0.0117821 0.000407517 -0.15
   vertex -0.0117959 0.000213499 -0.15
  endloop
 endfacet
 facet normal 0 0 1
  outer loop
   vertex 0.00755948 0.003952 -0.15
   vertex 0.00750013 0.00535061 -0.15
   vertex -0.0100752 0.00420133 -0.15
  endloop
 endfacet
 facet normal 0 -0 1
  outer loop
   vertex 0.00720331 -0.00774821 -0.15
   vertex 0.00726836 -0.00743805 -0.15
   vertex -0.0116798 0.00104497 -0.15
  endloop
 endfacet
 facet normal -0 0 1
  outer loop
   vertex -0.0108236 0.00309982 -0.15
   vertex 0.00762329 0.000648563 -0.15
   vertex -0.0106127 0.00343972 -0.15
  endloop
 endfacet
 facet normal 0 0 1
  outer loop
   vertex 0.00762329 0.000648563 -0.15
   vertex 0.00755948 0.003952 -0.15
   vertex -0.0106127 0.00343972 -0.15
  endloop
 endfacet
 facet normal 0 0 1
  outer loop
   vertex -0.0106127 0.00343972 -0.15
   vertex 0.00755948 0.003952 -0.15
   vertex -0.0103655 0.00380575 -0.15
  endloop
 endfacet
 facet normal 0 0 1
  outer loop
   vertex 0.00755948 0.003952 -0.15
   vertex -0.0100752 0.00420133 -0.15
   vertex -0.0103655 0.00380575 -0.15
  endloop
 endfacet
 facet normal 0 0 1
  outer loop
   vertex -0.0110861 -0.00262642 -0.15
   vertex -0.0109244 -0.00292582 -0.15
   vertex 0.00672384 -0.00909295 -0.15
  endloop
 endfacet
 facet normal 0 0 1
  outer loop
   vertex -0.0109244 -0.00292582 -0.15
   vertex -0.0107357 -0.0032451 -0.15
   vertex 0.00672384 -0.00909295 -0.15
  endloop
 endfacet
 facet normal 0 0 1
  outer loop
   vertex 0.00672384 -0.00909295 -0.15
   vertex -0.0107357 -0.0032451 -0.15
   vertex -0.0105162 -0.0035863 -0.15
  endloop
 endfacet
 facet normal 0 0 1
  outer loop
   vertex 0.00104009 0.0105182 -0.15
   vertex 0.00750013 0.00535061 -0.15
   vertex 0.0074376 0.00619878 -0.15
  endloop
 endfacet
 facet normal 0 0 1
  outer loop
   vertex 0.00104009 0.0105182 -0.15
   vertex 0.000380508 0.010387 -0.15
   vertex 0.00750013 0.00535061 -0.15
  endloop
 endfacet
 facet normal 0 0 1
  outer loop
   vertex 0.000380508 0.010387 -0.15
   vertex -0.000370883 0.0102094 -0.15
   vertex 0.00750013 0.00535061 -0.15
  endloop
 endfacet
 facet normal 0 0 1
  outer loop
   vertex 0.00750013 0.00535061 -0.15
   vertex -0.000370883 0.0102094 -0.15
   vertex -0.00121496 0.00997616 -0.15
  endloop
 endfacet
 facet normal 0 0 1
  outer loop
   vertex -0.0108236 0.00309982 -0.15
   vertex -0.0110031 0.00278346 -0.15
   vertex 0.00762329 0.000648563 -0.15
  endloop
 endfacet
 facet normal 0 0 1
  outer loop
   vertex -0.0110031 0.00278346 -0.15
   vertex -0.0111558 0.00248815 -0.15
   vertex 0.00762329 0.000648563 -0.15
  endloop
 endfacet
 facet normal 0 0 1
  outer loop
   vertex 0.00762329 0.000648563 -0.15
   vertex -0.0111558 0.00248815 -0.15
   vertex -0.0112854 0.00221161 -0.15
  endloop
 endfacet
 facet normal 0 -0 1
  outer loop
   vertex 0.00700186 -0.00845471 -0.15
   vertex 0.00706971 -0.00824877 -0.15
   vertex -0.0116798 0.00104497 -0.15
  endloop
 endfacet
 facet normal 0 -0 1
  outer loop
   vertex 0.00706971 -0.00824877 -0.15
   vertex 0.00713695 -0.00801545 -0.15
   vertex -0.0116798 0.00104497 -0.15
  endloop
 endfacet
 facet normal 0 0 1
  outer loop
   vertex -0.0116798 0.00104497 -0.15
   vertex 0.00713695 -0.00801545 -0.15
   vertex 0.00720331 -0.00774821 -0.15
  endloop
 endfacet
 facet normal 0 -0 1
  outer loop
   vertex 0.00726836 -0.00743805 -0.15
   vertex 0.00733149 -0.00707201 -0.15
   vertex -0.0116798 0.00104497 -0.15
  endloop
 endfacet
 facet normal 0 -0 1
  outer loop
   vertex 0.00733149 -0.00707201 -0.15
   vertex 0.00740276 -0.00653682 -0.15
   vertex -0.0116798 0.00104497 -0.15
  endloop
 endfacet
 facet normal 0 0 1
  outer loop
   vertex -0.0116798 0.00104497 -0.15
   vertex 0.00740276 -0.00653682 -0.15
   vertex 0.00747147 -0.00579075 -0.15
  endloop
 endfacet
 facet normal 0 0 1
  outer loop
   vertex -0.0114426 -0.00182867 -0.15
   vertex -0.0113425 -0.0020796 -0.15
   vertex 0.00672384 -0.00909295 -0.15
  endloop
 endfacet
 facet normal 0 0 1
  outer loop
   vertex -0.0113425 -0.0020796 -0.15
   vertex -0.0112245 -0.00234496 -0.15
   vertex 0.00672384 -0.00909295 -0.15
  endloop
 endfacet
 facet normal 0 0 1
  outer loop
   vertex 0.00672384 -0.00909295 -0.15
   vertex -0.0112245 -0.00234496 -0.15
   vertex -0.0110861 -0.00262642 -0.15
  endloop
 endfacet
 facet normal 0 0 1
  outer loop
   vertex -0.00842709 -0.00600266 -0.15
   vertex -0.00797686 -0.00639997 -0.15
   vertex 0.00672384 -0.00909295 -0.15
  endloop
 endfacet
 facet normal 0 0 1
  outer loop
   vertex -0.00797686 -0.00639997 -0.15
   vertex -0.00749386 -0.00679289 -0.15
   vertex 0.00672384 -0.00909295 -0.15
  endloop
 endfacet
 facet normal 0 0 1
  outer loop
   vertex 0.00672384 -0.00909295 -0.15
   vertex -0.00749386 -0.00679289 -0.15
   vertex -0.00697285 -0.00718326 -0.15
  endloop
 endfacet
 facet normal -0 0 1
  outer loop
   vertex -0.00215449 -0.00967164 -0.15
   vertex -0.00133958 -0.00993857 -0.15
   vertex 0.00672384 -0.00909295 -0.15
  endloop
 endfacet
 facet normal -0 0 1
  outer loop
   vertex 0.0011051 -0.0105298 -0.15
   vertex 0.00176736 -0.0106324 -0.15
   vertex 0.00672384 -0.00909295 -0.15
  endloop
 endfacet
 facet normal -0 0 1
  outer loop
   vertex 0.00176736 -0.0106324 -0.15
   vertex 0.00227806 -0.0106903 -0.15
   vertex 0.00672384 -0.00909295 -0.15
  endloop
 endfacet
 facet normal 0 0 1
  outer loop
   vertex 0.00672384 -0.00909295 -0.15
   vertex 0.00227806 -0.0106903 -0.15
   vertex 0.00272044 -0.0107232 -0.15
  endloop
 endfacet
 facet normal -0 0 1
  outer loop
   vertex 0.00272044 -0.0107232 -0.15
   vertex 0.00310547 -0.0107369 -0.15
   vertex 0.00672384 -0.00909295 -0.15
  endloop
 endfacet
 facet normal 0 0 1
  outer loop
   vertex 0.00310547 -0.0107369 -0.15
   vertex 0.00344265 -0.0107358 -0.15
   vertex 0.00672384 -0.00909295 -0.15
  endloop
 endfacet
 facet normal 0 0 1
  outer loop
   vertex 0.00672384 -0.00909295 -0.15
   vertex 0.00344265 -0.0107358 -0.15
   vertex 0.0037398 -0.0107232 -0.15
  endloop
 endfacet
 facet normal 0 0 1
  outer loop
   vertex 0.00737568 0.00676016 -0.15
   vertex 0.00212285 0.0106748 -0.15
   vertex 0.0074376 0.00619878 -0.15
  endloop
 endfacet
 facet normal 0 0 1
  outer loop
   vertex 0.00212285 0.0106748 -0.15
   vertex 0.00161906 0.010612 -0.15
   vertex 0.0074376 0.00619878 -0.15
  endloop
 endfacet
 facet normal 0 0 1
  outer loop
   vertex 0.0074376 0.00619878 -0.15
   vertex 0.00161906 0.010612 -0.15
   vertex 0.00104009 0.0105182 -0.15
  endloop
 endfacet
 facet normal 0 0 1
  outer loop
   vertex -0.0036073 0.00909819 -0.15
   vertex -0.00433573 0.00875881 -0.15
   vertex 0.00750013 0.00535061 -0.15
  endloop
 endfacet
 facet normal 0 0 1
  outer loop
   vertex -0.00433573 0.00875881 -0.15
   vertex -0.00503659 0.00839617 -0.15
   vertex 0.00750013 0.00535061 -0.15
  endloop
 endfacet
 facet normal 0 0 1
  outer loop
   vertex 0.00750013 0.00535061 -0.15
   vertex -0.00503659 0.00839617 -0.15
   vertex -0.00571042 0.00801142 -0.15
  endloop
 endfacet
 facet normal 0 -0 1
  outer loop
   vertex -0.00215449 -0.00967164 -0.15
   vertex 0.00672384 -0.00909295 -0.15
   vertex -0.00293659 -0.00937926 -0.15
  endloop
 endfacet
 facet normal -0 0 1
  outer loop
   vertex -0.00133958 -0.00993857 -0.15
   vertex -0.000488067 -0.0101792 -0.15
   vertex 0.00672384 -0.00909295 -0.15
  endloop
 endfacet
 facet normal -0 0 1
  outer loop
   vertex -0.000488067 -0.0101792 -0.15
   vertex 0.000403625 -0.010392 -0.15
   vertex 0.00672384 -0.00909295 -0.15
  endloop
 endfacet
 facet normal 0 0 1
  outer loop
   vertex 0.00672384 -0.00909295 -0.15
   vertex 0.000403625 -0.010392 -0.15
   vertex 0.0011051 -0.0105298 -0.15
  endloop
 endfacet
 facet normal 0 0 1
  outer loop
   vertex -0.0112854 0.00221161 -0.15
   vertex -0.0113949 0.00195175 -0.15
   vertex 0.00762329 0.000648563 -0.15
  endloop
 endfacet
 facet normal 0 0 1
  outer loop
   vertex -0.0113949 0.00195175 -0.15
   vertex -0.0114872 0.00170672 -0.15
   vertex 0.00762329 0.000648563 -0.15
  endloop
 endfacet
 facet normal 0 0 1
  outer loop
   vertex 0.00762329 0.000648563 -0.15
   vertex -0.0114872 0.00170672 -0.15
   vertex -0.0115642 0.00147487 -0.15
  endloop
 endfacet
 facet normal 0 0 1
  outer loop
   vertex -0.00571042 0.00801142 -0.15
   vertex -0.00636084 0.00760361 -0.15
   vertex 0.00750013 0.00535061 -0.15
  endloop
 endfacet
 facet normal 0 0 1
  outer loop
   vertex -0.00636084 0.00760361 -0.15
   vertex -0.00698606 0.00717376 -0.15
   vertex 0.00750013 0.00535061 -0.15
  endloop
 endfacet
 facet normal 0 0 1
  outer loop
   vertex 0.00750013 0.00535061 -0.15
   vertex -0.00698606 0.00717376 -0.15
   vertex -0.00749898 0.00678889 -0.15
  endloop
 endfacet
 facet normal 0 0 1
  outer loop
   vertex -0.00893695 0.00551044 -0.15
   vertex -0.00934467 0.00507895 -0.15
   vertex 0.00750013 0.00535061 -0.15
  endloop
 endfacet
 facet normal -0 0 1
  outer loop
   vertex -0.00934467 0.00507895 -0.15
   vertex -0.00971876 0.00464816 -0.15
   vertex 0.00750013 0.00535061 -0.15
  endloop
 endfacet
 facet normal 0 0 1
  outer loop
   vertex 0.00750013 0.00535061 -0.15
   vertex -0.00971876 0.00464816 -0.15
   vertex -0.0100752 0.00420133 -0.15
  endloop
 endfacet
 facet normal 0 0 1
  outer loop
   vertex -0.0105162 -0.0035863 -0.15
   vertex -0.0102613 -0.00395145 -0.15
   vertex 0.00672384 -0.00909295 -0.15
  endloop
 endfacet
 facet normal 0 0 1
  outer loop
   vertex -0.0102613 -0.00395145 -0.15
   vertex -0.00996594 -0.0043424 -0.15
   vertex 0.00672384 -0.00909295 -0.15
  endloop
 endfacet
 facet normal 0 0 1
  outer loop
   vertex 0.00672384 -0.00909295 -0.15
   vertex -0.00996594 -0.0043424 -0.15
   vertex -0.00962403 -0.0047607 -0.15
  endloop
 endfacet
 facet normal 0 -0 1
  outer loop
   vertex 0.00679621 -0.00895154 -0.15
   vertex 0.00686501 -0.00880281 -0.15
   vertex -0.0116798 0.00104497 -0.15
  endloop
 endfacet
 facet normal 0 -0 1
  outer loop
   vertex 0.00686501 -0.00880281 -0.15
   vertex 0.0069336 -0.00863813 -0.15
   vertex -0.0116798 0.00104497 -0.15
  endloop
 endfacet
 facet normal 0 0 1
  outer loop
   vertex -0.0116798 0.00104497 -0.15
   vertex 0.0069336 -0.00863813 -0.15
   vertex 0.00700186 -0.00845471 -0.15
  endloop
 endfacet
 facet normal 0 -0 1
  outer loop
   vertex 0.00747147 -0.00579075 -0.15
   vertex 0.007549 -0.00425478 -0.15
   vertex -0.0116798 0.00104497 -0.15
  endloop
 endfacet
 facet normal 0 -0 1
  outer loop
   vertex 0.007549 -0.00425478 -0.15
   vertex 0.00762329 0.000648563 -0.15
   vertex -0.0116798 0.00104497 -0.15
  endloop
 endfacet
 facet normal -0 0 1
  outer loop
   vertex -0.0116798 0.00104497 -0.15
   vertex 0.00762329 0.000648563 -0.15
   vertex -0.0116279 0.00125473 -0.15
  endloop
 endfacet
 facet normal 0 0 1
  outer loop
   vertex 0.00762329 0.000648563 -0.15
   vertex -0.0115642 0.00147487 -0.15
   vertex -0.0116279 0.00125473 -0.15
  endloop
 endfacet
 facet normal 0 0 1
  outer loop
   vertex 0.00329551 0.0107379 -0.15
   vertex 0.0029525 0.0107332 -0.15
   vertex 0.00737568 0.00676016 -0.15
  endloop
 endfacet
 facet normal 0 0 1
  outer loop
   vertex 0.0029525 0.0107332 -0.15
   vertex 0.00256427 0.0107136 -0.15
   vertex 0.00737568 0.00676016 -0.15
  endloop
 endfacet
 facet normal 0 0 1
  outer loop
   vertex 0.00737568 0.00676016 -0.15
   vertex 0.00256427 0.0107136 -0.15
   vertex 0.00212285 0.0106748 -0.15
  endloop
 endfacet
 facet normal 0 0 1
  outer loop
   vertex -0.0116554 -0.00114804 -0.15
   vertex -0.0115974 -0.00136421 -0.15
   vertex 0.00672384 -0.00909295 -0.15
  endloop
 endfacet
 facet normal 0 0 1
  outer loop
   vertex -0.0115974 -0.00136421 -0.15
   vertex -0.011527 -0.00159067 -0.15
   vertex 0.00672384 -0.00909295 -0.15
  endloop
 endfacet
 facet normal 0 0 1
  outer loop
   vertex 0.00672384 -0.00909295 -0.15
   vertex -0.011527 -0.00159067 -0.15
   vertex -0.0114426 -0.00182867 -0.15
  endloop
 endfacet
 facet normal 0 0 1
  outer loop
   vertex -0.00697285 -0.00718326 -0.15
   vertex -0.00640736 -0.00757297 -0.15
   vertex 0.00672384 -0.00909295 -0.15
  endloop
 endfacet
 facet normal 0 0 1
  outer loop
   vertex -0.00640736 -0.00757297 -0.15
   vertex -0.00578928 -0.00796393 -0.15
   vertex 0.00672384 -0.00909295 -0.15
  endloop
 endfacet
 facet normal 0 0 1
  outer loop
   vertex 0.00672384 -0.00909295 -0.15
   vertex -0.00578928 -0.00796393 -0.15
   vertex -0.0051143 -0.00835366 -0.15
  endloop
 endfacet
 facet normal -0 0 1
  outer loop
   vertex -0.0117252 0.00082223 -0.15
   vertex 0.00672384 -0.00909295 -0.15
   vertex -0.0116798 0.00104497 -0.15
  endloop
 endfacet
 facet normal 0 -0 1
  outer loop
   vertex 0.00672384 -0.00909295 -0.15
   vertex 0.00672514 -0.00909053 -0.15
   vertex -0.0116798 0.00104497 -0.15
  endloop
 endfacet
 facet normal 0 0 1
  outer loop
   vertex -0.0116798 0.00104497 -0.15
   vertex 0.00672514 -0.00909053 -0.15
   vertex 0.00679621 -0.00895154 -0.15
  endloop
 endfacet
 facet normal 0 0 1
  outer loop
   vertex -0.00121496 0.00997616 -0.15
   vertex -0.00205081 0.00970768 -0.15
   vertex 0.00750013 0.00535061 -0.15
  endloop
 endfacet
 facet normal 0 0 1
  outer loop
   vertex -0.00205081 0.00970768 -0.15
   vertex -0.00284691 0.00941467 -0.15
   vertex 0.00750013 0.00535061 -0.15
  endloop
 endfacet
 facet normal 0 0 1
  outer loop
   vertex 0.00750013 0.00535061 -0.15
   vertex -0.00284691 0.00941467 -0.15
   vertex -0.0036073 0.00909819 -0.15
  endloop
 endfacet
 facet normal 0 0 1
  outer loop
   vertex -0.00962403 -0.0047607 -0.15
   vertex -0.00924556 -0.00518726 -0.15
   vertex 0.00672384 -0.00909295 -0.15
  endloop
 endfacet
 facet normal 0 0 1
  outer loop
   vertex -0.00924556 -0.00518726 -0.15
   vertex -0.00884882 -0.00559907 -0.15
   vertex 0.00672384 -0.00909295 -0.15
  endloop
 endfacet
 facet normal 0 0 1
  outer loop
   vertex 0.00672384 -0.00909295 -0.15
   vertex -0.00884882 -0.00559907 -0.15
   vertex -0.00842709 -0.00600266 -0.15
  endloop
 endfacet
 facet normal 0 0 1
  outer loop
   vertex 0.0037398 -0.0107232 -0.15
   vertex 0.00400329 -0.0107018 -0.15
   vertex 0.00672384 -0.00909295 -0.15
  endloop
 endfacet
 facet normal 0 0 1
  outer loop
   vertex 0.00400329 -0.0107018 -0.15
   vertex 0.00423836 -0.0106734 -0.15
   vertex 0.00672384 -0.00909295 -0.15
  endloop
 endfacet
 facet normal 0 0 1
  outer loop
   vertex 0.00672384 -0.00909295 -0.15
   vertex 0.00423836 -0.0106734 -0.15
   vertex 0.00444925 -0.0106395 -0.15
  endloop
 endfacet
 facet normal 0 0 1
  outer loop
   vertex -0.00749898 0.00678889 -0.15
   vertex -0.00801983 0.00636342 -0.15
   vertex 0.00750013 0.00535061 -0.15
  endloop
 endfacet
 facet normal 0 0 1
  outer loop
   vertex -0.00801983 0.00636342 -0.15
   vertex -0.00849722 0.00593778 -0.15
   vertex 0.00750013 0.00535061 -0.15
  endloop
 endfacet
 facet normal 0 0 1
  outer loop
   vertex 0.00750013 0.00535061 -0.15
   vertex -0.00849722 0.00593778 -0.15
   vertex -0.00893695 0.00551044 -0.15
  endloop
 endfacet
 facet normal 0 0 1
  outer loop
   vertex -0.0051143 -0.00835366 -0.15
   vertex -0.00441544 -0.00871941 -0.15
   vertex 0.00672384 -0.00909295 -0.15
  endloop
 endfacet
 facet normal 0 0 1
  outer loop
   vertex -0.00441544 -0.00871941 -0.15
   vertex -0.00368925 -0.00906183 -0.15
   vertex 0.00672384 -0.00909295 -0.15
  endloop
 endfacet
 facet normal 0 0 1
  outer loop
   vertex 0.00672384 -0.00909295 -0.15
   vertex -0.00368925 -0.00906183 -0.15
   vertex -0.00293659 -0.00937926 -0.15
  endloop
 endfacet
 facet normal 0 0 1
  outer loop
   vertex 0.00444925 -0.0106395 -0.15
   vertex 0.00465221 -0.0105985 -0.15
   vertex 0.00672384 -0.00909295 -0.15
  endloop
 endfacet
 facet normal 0 0 1
  outer loop
   vertex 0.00465221 -0.0105985 -0.15
   vertex 0.00482354 -0.0105565 -0.15
   vertex 0.00672384 -0.00909295 -0.15
  endloop
 endfacet
 facet normal 0 0 1
  outer loop
   vertex 0.00672384 -0.00909295 -0.15
   vertex 0.00482354 -0.0105565 -0.15
   vertex 0.00497971 -0.0105117 -0.15
  endloop
 endfacet
 facet normal 0 0 1
  outer loop
   vertex -0.0117666 -0.000550618 -0.15
   vertex -0.011739 -0.000742219 -0.15
   vertex 0.00672384 -0.00909295 -0.15
  endloop
 endfacet
 facet normal 0 0 1
  outer loop
   vertex -0.011739 -0.000742219 -0.15
   vertex -0.0117022 -0.000941053 -0.15
   vertex 0.00672384 -0.00909295 -0.15
  endloop
 endfacet
 facet normal 0 0 1
  outer loop
   vertex 0.00672384 -0.00909295 -0.15
   vertex -0.0117022 -0.000941053 -0.15
   vertex -0.0116554 -0.00114804 -0.15
  endloop
 endfacet
 facet normal 0 0 1
  outer loop
   vertex 0.00497971 -0.0105117 -0.15
   vertex 0.0051227 -0.0104646 -0.15
   vertex 0.00672384 -0.00909295 -0.15
  endloop
 endfacet
 facet normal 0 0 1
  outer loop
   vertex 0.0051227 -0.0104646 -0.15
   vertex 0.00525417 -0.0104155 -0.15
   vertex 0.00672384 -0.00909295 -0.15
  endloop
 endfacet
 facet normal 0 0 1
  outer loop
   vertex 0.00672384 -0.00909295 -0.15
   vertex 0.00525417 -0.0104155 -0.15
   vertex 0.00665437 -0.00921624 -0.15
  endloop
 endfacet
 facet normal 0 0 1
  outer loop
   vertex 0.00730929 0.00720977 -0.15
   vertex 0.00387168 0.0107138 -0.15
   vertex 0.00737568 0.00676016 -0.15
  endloop
 endfacet
 facet normal 0 0 1
  outer loop
   vertex 0.00387168 0.0107138 -0.15
   vertex 0.00360001 0.0107305 -0.15
   vertex 0.00737568 0.00676016 -0.15
  endloop
 endfacet
 facet normal 0 0 1
  outer loop
   vertex 0.00737568 0.00676016 -0.15
   vertex 0.00360001 0.0107305 -0.15
   vertex 0.00329551 0.0107379 -0.15
  endloop
 endfacet
 facet normal 0 0 1
  outer loop
   vertex -0.0118012 -0 -0.15
   vertex -0.0117972 -0.000185978 -0.15
   vertex 0.00672384 -0.00909295 -0.15
  endloop
 endfacet
 facet normal 0 0 1
  outer loop
   vertex -0.0117972 -0.000185978 -0.15
   vertex -0.0117858 -0.000365406 -0.15
   vertex 0.00672384 -0.00909295 -0.15
  endloop
 endfacet
 facet normal 0 0 1
  outer loop
   vertex 0.00672384 -0.00909295 -0.15
   vertex -0.0117858 -0.000365406 -0.15
   vertex -0.0117666 -0.000550618 -0.15
  endloop
 endfacet
 facet normal 0 -0 1
  outer loop
   vertex 0.00644318 -0.00953111 -0.15
   vertex 0.00651414 -0.00943416 -0.15
   vertex 0.00525417 -0.0104155 -0.15
  endloop
 endfacet
 facet normal 0 -0 1
  outer loop
   vertex 0.00651414 -0.00943416 -0.15
   vertex 0.0065845 -0.00932956 -0.15
   vertex 0.00525417 -0.0104155 -0.15
  endloop
 endfacet
 facet normal 0 0 1
  outer loop
   vertex 0.00525417 -0.0104155 -0.15
   vertex 0.0065845 -0.00932956 -0.15
   vertex 0.00665437 -0.00921624 -0.15
  endloop
 endfacet
 facet normal 0 0 1
  outer loop
   vertex 0.007241 0.00757541 -0.15
   vertex 0.00433472 0.010659 -0.15
   vertex 0.00730929 0.00720977 -0.15
  endloop
 endfacet
 facet normal 0 0 1
  outer loop
   vertex 0.00433472 0.010659 -0.15
   vertex 0.00411526 0.0106894 -0.15
   vertex 0.00730929 0.00720977 -0.15
  endloop
 endfacet
 facet normal 0 0 1
  outer loop
   vertex 0.00730929 0.00720977 -0.15
   vertex 0.00411526 0.0106894 -0.15
   vertex 0.00387168 0.0107138 -0.15
  endloop
 endfacet
 facet normal 0 -0 1
  outer loop
   vertex 0.0062252 -0.00978413 -0.15
   vertex 0.00629888 -0.00970541 -0.15
   vertex 0.00525417 -0.0104155 -0.15
  endloop
 endfacet
 facet normal 0 -0 1
  outer loop
   vertex 0.00629888 -0.00970541 -0.15
   vertex 0.00637148 -0.00962128 -0.15
   vertex 0.00525417 -0.0104155 -0.15
  endloop
 endfacet
 facet normal 0 0 1
  outer loop
   vertex 0.00525417 -0.0104155 -0.15
   vertex 0.00637148 -0.00962128 -0.15
   vertex 0.00644318 -0.00953111 -0.15
  endloop
 endfacet
 facet normal 0 0 1
  outer loop
   vertex 0.007241 0.00757541 -0.15
   vertex 0.00717174 0.0078806 -0.15
   vertex 0.00433472 0.010659 -0.15
  endloop
 endfacet
 facet normal 0 0 1
  outer loop
   vertex 0.00717174 0.0078806 -0.15
   vertex 0.00710206 0.0081406 -0.15
   vertex 0.00433472 0.010659 -0.15
  endloop
 endfacet
 facet normal 0 0 1
  outer loop
   vertex 0.00433472 0.010659 -0.15
   vertex 0.00710206 0.0081406 -0.15
   vertex 0.00703225 0.00836568 -0.15
  endloop
 endfacet
 facet normal 0 0 1
  outer loop
   vertex 0.00488729 0.010539 -0.15
   vertex 0.00703225 0.00836568 -0.15
   vertex 0.0069625 0.00856308 -0.15
  endloop
 endfacet
 facet normal 0 0 1
  outer loop
   vertex 0.00488729 0.010539 -0.15
   vertex 0.00472316 0.010582 -0.15
   vertex 0.00703225 0.00836568 -0.15
  endloop
 endfacet
 facet normal 0 0 1
  outer loop
   vertex 0.00472316 0.010582 -0.15
   vertex 0.00453299 0.0106236 -0.15
   vertex 0.00703225 0.00836568 -0.15
  endloop
 endfacet
 facet normal 0 0 1
  outer loop
   vertex 0.00703225 0.00836568 -0.15
   vertex 0.00453299 0.0106236 -0.15
   vertex 0.00433472 0.010659 -0.15
  endloop
 endfacet
 facet normal 0 -0 1
  outer loop
   vertex 0.00537554 -0.0103647 -0.15
   vertex 0.00607385 -0.00992739 -0.15
   vertex 0.00525417 -0.0104155 -0.15
  endloop
 endfacet
 facet normal 0 -0 1
  outer loop
   vertex 0.00607385 -0.00992739 -0.15
   vertex 0.00615026 -0.00985798 -0.15
   vertex 0.00525417 -0.0104155 -0.15
  endloop
 endfacet
 facet normal 0 0 1
  outer loop
   vertex 0.00525417 -0.0104155 -0.15
   vertex 0.00615026 -0.00985798 -0.15
   vertex 0.0062252 -0.00978413 -0.15
  endloop
 endfacet
 facet normal 0 0 1
  outer loop
   vertex 0.0051764 0.0104453 -0.15
   vertex 0.00503781 0.0104933 -0.15
   vertex 0.00661097 0.00928779 -0.15
  endloop
 endfacet
 facet normal 0 -0 1
  outer loop
   vertex 0.00581852 -0.0101226 -0.15
   vertex 0.00590952 -0.0100589 -0.15
   vertex 0.00537554 -0.0103647 -0.15
  endloop
 endfacet
 facet normal 0 -0 1
  outer loop
   vertex 0.00590952 -0.0100589 -0.15
   vertex 0.00599439 -0.00999381 -0.15
   vertex 0.00537554 -0.0103647 -0.15
  endloop
 endfacet
 facet normal 0 0 1
  outer loop
   vertex 0.00537554 -0.0103647 -0.15
   vertex 0.00599439 -0.00999381 -0.15
   vertex 0.00607385 -0.00992739 -0.15
  endloop
 endfacet
 facet normal 0 0 1
  outer loop
   vertex 0.00661097 0.00928779 -0.15
   vertex 0.00503781 0.0104933 -0.15
   vertex 0.00668026 0.00917161 -0.15
  endloop
 endfacet
 facet normal 0 0 1
  outer loop
   vertex 0.0069625 0.00856308 -0.15
   vertex 0.00689288 0.00873805 -0.15
   vertex 0.00488729 0.010539 -0.15
  endloop
 endfacet
 facet normal 0 0 1
  outer loop
   vertex 0.00689288 0.00873805 -0.15
   vertex 0.00682341 0.00889455 -0.15
   vertex 0.00488729 0.010539 -0.15
  endloop
 endfacet
 facet normal 0 0 1
  outer loop
   vertex 0.00488729 0.010539 -0.15
   vertex 0.00682341 0.00889455 -0.15
   vertex 0.00503781 0.0104933 -0.15
  endloop
 endfacet
 facet normal 0 0 1
  outer loop
   vertex 0.00682341 0.00889455 -0.15
   vertex 0.00675406 0.00903562 -0.15
   vertex 0.00503781 0.0104933 -0.15
  endloop
 endfacet
 facet normal 0 0 1
  outer loop
   vertex 0.00503781 0.0104933 -0.15
   vertex 0.00675406 0.00903562 -0.15
   vertex 0.00668026 0.00917161 -0.15
  endloop
 endfacet
 facet normal 0 -0 1
  outer loop
   vertex 0.00550017 -0.0103063 -0.15
   vertex 0.00561488 -0.0102464 -0.15
   vertex 0.00537554 -0.0103647 -0.15
  endloop
 endfacet
 facet normal 0 -0 1
  outer loop
   vertex 0.00561488 -0.0102464 -0.15
   vertex 0.00572062 -0.0101851 -0.15
   vertex 0.00537554 -0.0103647 -0.15
  endloop
 endfacet
 facet normal 0 0 1
  outer loop
   vertex 0.00537554 -0.0103647 -0.15
   vertex 0.00572062 -0.0101851 -0.15
   vertex 0.00581852 -0.0101226 -0.15
  endloop
 endfacet
 facet normal 0 0 1
  outer loop
   vertex 0.00553378 0.0102894 -0.15
   vertex 0.00542325 0.0103431 -0.15
   vertex 0.00661097 0.00928779 -0.15
  endloop
 endfacet
 facet normal 0 0 1
  outer loop
   vertex 0.00542325 0.0103431 -0.15
   vertex 0.00530448 0.0103951 -0.15
   vertex 0.00661097 0.00928779 -0.15
  endloop
 endfacet
 facet normal 0 0 1
  outer loop
   vertex 0.00661097 0.00928779 -0.15
   vertex 0.00530448 0.0103951 -0.15
   vertex 0.0051764 0.0104453 -0.15
  endloop
 endfacet
 facet normal 0 0 1
  outer loop
   vertex 0.00582423 0.0101188 -0.15
   vertex 0.00573354 0.0101772 -0.15
   vertex 0.00661097 0.00928779 -0.15
  endloop
 endfacet
 facet normal 0 0 1
  outer loop
   vertex 0.00573354 0.0101772 -0.15
   vertex 0.00563695 0.0102341 -0.15
   vertex 0.00661097 0.00928779 -0.15
  endloop
 endfacet
 facet normal 0 0 1
  outer loop
   vertex 0.00661097 0.00928779 -0.15
   vertex 0.00563695 0.0102341 -0.15
   vertex 0.00553378 0.0102894 -0.15
  endloop
 endfacet
 facet normal 0 0 1
  outer loop
   vertex 0.00582423 0.0101188 -0.15
   vertex 0.00661097 0.00928779 -0.15
   vertex 0.00590957 0.0100588 -0.15
  endloop
 endfacet
 facet normal 0 0 1
  outer loop
   vertex 0.00661097 0.00928779 -0.15
   vertex 0.00654156 0.00939446 -0.15
   vertex 0.00590957 0.0100588 -0.15
  endloop
 endfacet
 facet normal 0 0 1
  outer loop
   vertex 0.00590957 0.0100588 -0.15
   vertex 0.00654156 0.00939446 -0.15
   vertex 0.00599181 0.00999587 -0.15
  endloop
 endfacet
 facet normal 0 0 1
  outer loop
   vertex 0.00623102 0.00977814 -0.15
   vertex 0.00615228 0.00985607 -0.15
   vertex 0.00654156 0.00939446 -0.15
  endloop
 endfacet
 facet normal 0 0 1
  outer loop
   vertex 0.00615228 0.00985607 -0.15
   vertex 0.00607263 0.00992845 -0.15
   vertex 0.00654156 0.00939446 -0.15
  endloop
 endfacet
 facet normal 0 0 1
  outer loop
   vertex 0.00654156 0.00939446 -0.15
   vertex 0.00607263 0.00992845 -0.15
   vertex 0.00599181 0.00999587 -0.15
  endloop
 endfacet
 facet normal 0 0 1
  outer loop
   vertex 0.00646426 0.00950315 -0.15
   vertex 0.00638677 0.00960266 -0.15
   vertex 0.00654156 0.00939446 -0.15
  endloop
 endfacet
 facet normal 0 0 1
  outer loop
   vertex 0.00638677 0.00960266 -0.15
   vertex 0.00630911 0.00969396 -0.15
   vertex 0.00654156 0.00939446 -0.15
  endloop
 endfacet
 facet normal 0 0 1
  outer loop
   vertex 0.00654156 0.00939446 -0.15
   vertex 0.00630911 0.00969396 -0.15
   vertex 0.00623102 0.00977814 -0.15
  endloop
 endfacet
endsolid zone0
