solid zone0
 facet normal -0 0 -1
  outer loop
   vertex 0.0109399 -0.00252532 -0.15
   vertex 0.0106473 -0.00308382 -0.15
   vertex -0.00289644 -0.0012691 -0.15
  endloop
 endfacet
 facet normal 0 -0 -1
  outer loop
   vertex 0.0117297 0.000596291 -0.15
   vertex 0.0118517 0.00018268 -0.15
   vertex -0.0028544 6.06471e-19 -0.15
  endloop
 endfacet
 facet normal 0 -0 -1
  outer loop
   vertex 0.0118517 0.00018268 -0.15
   vertex 0.0119 0 -0.15
   vertex -0.0028544 6.06471e-19 -0.15
  endloop
 endfacet
 facet normal 0 0 -1
  outer loop
   vertex -0.0028544 6.06471e-19 -0.15
   vertex 0.0119 0 -0.15
   vertex 0.0118517 -0.00018268 -0.15
  endloop
 endfacet
 facet normal 0 0 -1
  outer loop
   vertex 0.0109399 -0.00252532 -0.15
   vertex -0.00289644 -0.0012691 -0.15
   vertex 0.0111902 -0.0019984 -0.15
  endloop
 endfacet
 facet normal 0 -0 -1
  outer loop
   vertex 0.0103083 0.00367365 -0.15
   vertex 0.0106473 0.00308382 -0.15
   vertex -0.00289644 0.0012691 -0.15
  endloop
 endfacet
 facet normal 0 -0 -1
  outer loop
   vertex 0.0106473 0.00308382 -0.15
   vertex 0.0109399 0.00252532 -0.15
   vertex -0.00289644 0.0012691 -0.15
  endloop
 endfacet
 facet normal -0 0 -1
  outer loop
   vertex 0.00668394 0.00814866 -0.15
   vertex -0.00293701 0.00685469 -0.15
   vertex 0.00602996 0.00874673 -0.15
  endloop
 endfacet
 facet normal 0 0 -1
  outer loop
   vertex -0.00293701 0.00685469 -0.15
   vertex -0.00290592 0.00896237 -0.15
   vertex 0.00602996 0.00874673 -0.15
  endloop
 endfacet
 facet normal 0 0 -1
  outer loop
   vertex -0.00278911 -0.0101082 -0.15
   vertex -0.00281513 -0.009979 -0.15
   vertex 0.00602996 -0.00874673 -0.15
  endloop
 endfacet
 facet normal 0 0 -1
  outer loop
   vertex -0.00281513 -0.009979 -0.15
   vertex -0.00283943 -0.0098303 -0.15
   vertex 0.00602996 -0.00874673 -0.15
  endloop
 endfacet
 facet normal 0 0 -1
  outer loop
   vertex 0.00602996 -0.00874673 -0.15
   vertex -0.00283943 -0.0098303 -0.15
   vertex -0.00286172 -0.00965482 -0.15
  endloop
 endfacet
 facet normal -0 0 -1
  outer loop
   vertex 0.0118517 -0.00018268 -0.15
   vertex 0.0117297 -0.000596291 -0.15
   vertex -0.0028544 6.06471e-19 -0.15
  endloop
 endfacet
 facet normal -0 0 -1
  outer loop
   vertex 0.0117297 -0.000596291 -0.15
   vertex 0.0115811 -0.0010355 -0.15
   vertex -0.0028544 6.06471e-19 -0.15
  endloop
 endfacet
 facet normal 0 -0 -1
  outer loop
   vertex -0.0028544 6.06471e-19 -0.15
   vertex 0.0115811 -0.0010355 -0.15
   vertex -0.00289644 -0.0012691 -0.15
  endloop
 endfacet
 facet normal 0 0 -1
  outer loop
   vertex 0.0115811 -0.0010355 -0.15
   vertex 0.0114026 -0.00150227 -0.15
   vertex -0.00289644 -0.0012691 -0.15
  endloop
 endfacet
 facet normal 0 0 -1
  outer loop
   vertex -0.00289644 -0.0012691 -0.15
   vertex 0.0114026 -0.00150227 -0.15
   vertex 0.0111902 -0.0019984 -0.15
  endloop
 endfacet
 facet normal 0 -0 -1
  outer loop
   vertex 0.0109399 0.00252532 -0.15
   vertex 0.0111902 0.0019984 -0.15
   vertex -0.00289644 0.0012691 -0.15
  endloop
 endfacet
 facet normal 0 -0 -1
  outer loop
   vertex 0.0111902 0.0019984 -0.15
   vertex 0.0114026 0.00150227 -0.15
   vertex -0.00289644 0.0012691 -0.15
  endloop
 endfacet
 facet normal 0 0 -1
  outer loop
   vertex -0.00289644 0.0012691 -0.15
   vertex 0.0114026 0.00150227 -0.15
   vertex -0.0028544 6.06471e-19 -0.15
  endloop
 endfacet
 facet normal 0 -0 -1
  outer loop
   vertex 0.0114026 0.00150227 -0.15
   vertex 0.0115811 0.0010355 -0.15
   vertex -0.0028544 6.06471e-19 -0.15
  endloop
 endfacet
 facet normal 0 0 -1
  outer loop
   vertex -0.0028544 6.06471e-19 -0.15
   vertex 0.0115811 0.0010355 -0.15
   vertex 0.0117297 0.000596291 -0.15
  endloop
 endfacet
 facet normal 0 0 -1
  outer loop
   vertex 0.00602996 0.00874673 -0.15
   vertex -0.00283943 0.0098303 -0.15
   vertex -0.00281513 0.009979 -0.15
  endloop
 endfacet
 facet normal 0 0 -1
  outer loop
   vertex -0.00286172 -0.00965482 -0.15
   vertex -0.00288547 -0.00938606 -0.15
   vertex 0.00602996 -0.00874673 -0.15
  endloop
 endfacet
 facet normal 0 0 -1
  outer loop
   vertex -0.00288547 -0.00938606 -0.15
   vertex -0.00290592 -0.00896237 -0.15
   vertex 0.00602996 -0.00874673 -0.15
  endloop
 endfacet
 facet normal -0 0 -1
  outer loop
   vertex 0.00602996 -0.00874673 -0.15
   vertex -0.00290592 -0.00896237 -0.15
   vertex 0.00668394 -0.00814866 -0.15
  endloop
 endfacet
 facet normal 0 0 -1
  outer loop
   vertex -0.00290592 -0.00896237 -0.15
   vertex -0.00293701 -0.00685469 -0.15
   vertex 0.00668394 -0.00814866 -0.15
  endloop
 endfacet
 facet normal 0 0 -1
  outer loop
   vertex 0.00668394 -0.00814866 -0.15
   vertex -0.00293701 -0.00685469 -0.15
   vertex 0.00702963 -0.00781254 -0.15
  endloop
 endfacet
 facet normal -0 0 -1
  outer loop
   vertex 0.0106473 -0.00308382 -0.15
   vertex 0.0103083 -0.00367365 -0.15
   vertex -0.00289644 -0.0012691 -0.15
  endloop
 endfacet
 facet normal -0 0 -1
  outer loop
   vertex 0.0103083 -0.00367365 -0.15
   vertex 0.00991922 -0.0042931 -0.15
   vertex -0.00289644 -0.0012691 -0.15
  endloop
 endfacet
 facet normal 0 0 -1
  outer loop
   vertex -0.00289644 -0.0012691 -0.15
   vertex 0.00991922 -0.0042931 -0.15
   vertex 0.00947791 -0.00493831 -0.15
  endloop
 endfacet
 facet normal 0 -0 -1
  outer loop
   vertex 0.00892773 0.00567547 -0.15
   vertex 0.00947791 0.00493831 -0.15
   vertex -0.00289644 0.0012691 -0.15
  endloop
 endfacet
 facet normal 0 -0 -1
  outer loop
   vertex 0.00947791 0.00493831 -0.15
   vertex 0.00991922 0.0042931 -0.15
   vertex -0.00289644 0.0012691 -0.15
  endloop
 endfacet
 facet normal 0 0 -1
  outer loop
   vertex -0.00289644 0.0012691 -0.15
   vertex 0.00991922 0.0042931 -0.15
   vertex 0.0103083 0.00367365 -0.15
  endloop
 endfacet
 facet normal 0 0 -1
  outer loop
   vertex -0.00290592 0.00896237 -0.15
   vertex -0.00288547 0.00938606 -0.15
   vertex 0.00602996 0.00874673 -0.15
  endloop
 endfacet
 facet normal 0 0 -1
  outer loop
   vertex -0.00288547 0.00938606 -0.15
   vertex -0.00286172 0.00965482 -0.15
   vertex 0.00602996 0.00874673 -0.15
  endloop
 endfacet
 facet normal 0 0 -1
  outer loop
   vertex 0.00602996 0.00874673 -0.15
   vertex -0.00286172 0.00965482 -0.15
   vertex -0.00283943 0.0098303 -0.15
  endloop
 endfacet
 facet normal -0 0 -1
  outer loop
   vertex 0.00947791 -0.00493831 -0.15
   vertex 0.00892773 -0.00567547 -0.15
   vertex -0.00289644 -0.0012691 -0.15
  endloop
 endfacet
 facet normal -0 0 -1
  outer loop
   vertex 0.00892773 -0.00567547 -0.15
   vertex 0.00832716 -0.00641184 -0.15
   vertex -0.00289644 -0.0012691 -0.15
  endloop
 endfacet
 facet normal 0 -0 -1
  outer loop
   vertex -0.00289644 -0.0012691 -0.15
   vertex 0.00832716 -0.00641184 -0.15
   vertex -0.00293701 -0.00685469 -0.15
  endloop
 endfacet
 facet normal 0 0 -1
  outer loop
   vertex 0.00832716 -0.00641184 -0.15
   vertex 0.00768951 -0.00712943 -0.15
   vertex -0.00293701 -0.00685469 -0.15
  endloop
 endfacet
 facet normal 0 0 -1
  outer loop
   vertex -0.00293701 -0.00685469 -0.15
   vertex 0.00768951 -0.00712943 -0.15
   vertex 0.00702963 -0.00781254 -0.15
  endloop
 endfacet
 facet normal 0 -0 -1
  outer loop
   vertex 0.00668394 0.00814866 -0.15
   vertex 0.00702963 0.00781254 -0.15
   vertex -0.00293701 0.00685469 -0.15
  endloop
 endfacet
 facet normal 0 -0 -1
  outer loop
   vertex 0.00702963 0.00781254 -0.15
   vertex 0.00768951 0.00712943 -0.15
   vertex -0.00293701 0.00685469 -0.15
  endloop
 endfacet
 facet normal 0 0 -1
  outer loop
   vertex -0.00293701 0.00685469 -0.15
   vertex 0.00768951 0.00712943 -0.15
   vertex -0.00289644 0.0012691 -0.15
  endloop
 endfacet
 facet normal 0 -0 -1
  outer loop
   vertex 0.00768951 0.00712943 -0.15
   vertex 0.00832716 0.00641184 -0.15
   vertex -0.00289644 0.0012691 -0.15
  endloop
 endfacet
 facet normal 0 0 -1
  outer loop
   vertex -0.00289644 0.0012691 -0.15
   vertex 0.00832716 0.00641184 -0.15
   vertex 0.00892773 0.00567547 -0.15
  endloop
 endfacet
 facet normal -0 0 -1
  outer loop
   vertex 0.00326619 -0.0107672 -0.15
   vertex 0.00284315 -0.0110029 -0.15
   vertex -0.00276159 -0.0102225 -0.15
  endloop
 endfacet
 facet normal 0 -0 -1
  outer loop
   vertex 0.00180455 0.0114856 -0.15
   vertex 0.00211589 0.0113562 -0.15
   vertex -0.00276159 0.0102225 -0.15
  endloop
 endfacet
 facet normal -0 0 -1
  outer loop
   vertex 0.00284315 -0.0110029 -0.15
   vertex 0.00246087 -0.0111971 -0.15
   vertex -0.00276159 -0.0102225 -0.15
  endloop
 endfacet
 facet normal -0 0 -1
  outer loop
   vertex 0.00246087 -0.0111971 -0.15
   vertex 0.00211589 -0.0113562 -0.15
   vertex -0.00276159 -0.0102225 -0.15
  endloop
 endfacet
 facet normal 0 0 -1
  outer loop
   vertex -0.00276159 -0.0102225 -0.15
   vertex 0.00211589 -0.0113562 -0.15
   vertex 0.00180455 -0.0114856 -0.15
  endloop
 endfacet
 facet normal 0 -0 -1
  outer loop
   vertex 0.00211589 0.0113562 -0.15
   vertex 0.00246087 0.0111971 -0.15
   vertex -0.00276159 0.0102225 -0.15
  endloop
 endfacet
 facet normal 0 -0 -1
  outer loop
   vertex 0.00246087 0.0111971 -0.15
   vertex 0.00284315 0.0110029 -0.15
   vertex -0.00276159 0.0102225 -0.15
  endloop
 endfacet
 facet normal 0 0 -1
  outer loop
   vertex -0.00276159 0.0102225 -0.15
   vertex 0.00284315 0.0110029 -0.15
   vertex 0.00326619 0.0107672 -0.15
  endloop
 endfacet
 facet normal 0 0 -1
  outer loop
   vertex 0.00480088 -0.00974522 -0.15
   vertex 0.00424451 -0.0101449 -0.15
   vertex -0.00276159 -0.0102225 -0.15
  endloop
 endfacet
 facet normal 0 0 -1
  outer loop
   vertex 0.00424451 -0.0101449 -0.15
   vertex 0.00373278 -0.0104835 -0.15
   vertex -0.00276159 -0.0102225 -0.15
  endloop
 endfacet
 facet normal 0 0 -1
  outer loop
   vertex -0.00276159 -0.0102225 -0.15
   vertex 0.00373278 -0.0104835 -0.15
   vertex 0.00326619 -0.0107672 -0.15
  endloop
 endfacet
 facet normal -0 0 -1
  outer loop
   vertex 0.00180455 -0.0114856 -0.15
   vertex 0.00152326 -0.0115902 -0.15
   vertex -0.00276159 -0.0102225 -0.15
  endloop
 endfacet
 facet normal -0 0 -1
  outer loop
   vertex 0.00152326 -0.0115902 -0.15
   vertex 0.00126861 -0.0116739 -0.15
   vertex -0.00276159 -0.0102225 -0.15
  endloop
 endfacet
 facet normal 0 0 -1
  outer loop
   vertex -0.00276159 -0.0102225 -0.15
   vertex 0.00126861 -0.0116739 -0.15
   vertex -0.00273271 -0.0103253 -0.15
  endloop
 endfacet
 facet normal 0 -0 -1
  outer loop
   vertex 0.00326619 0.0107672 -0.15
   vertex 0.00373278 0.0104835 -0.15
   vertex -0.00276159 0.0102225 -0.15
  endloop
 endfacet
 facet normal 0 -0 -1
  outer loop
   vertex 0.00373278 0.0104835 -0.15
   vertex 0.00424451 0.0101449 -0.15
   vertex -0.00276159 0.0102225 -0.15
  endloop
 endfacet
 facet normal 0 0 -1
  outer loop
   vertex -0.00276159 0.0102225 -0.15
   vertex 0.00424451 0.0101449 -0.15
   vertex 0.00480088 0.00974522 -0.15
  endloop
 endfacet
 facet normal 0 0 -1
  outer loop
   vertex -0.00278911 -0.0101082 -0.15
   vertex 0.00602996 -0.00874673 -0.15
   vertex -0.00276159 -0.0102225 -0.15
  endloop
 endfacet
 facet normal 0 0 -1
  outer loop
   vertex 0.00602996 -0.00874673 -0.15
   vertex 0.00539845 -0.00927973 -0.15
   vertex -0.00276159 -0.0102225 -0.15
  endloop
 endfacet
 facet normal 0 0 -1
  outer loop
   vertex -0.00276159 -0.0102225 -0.15
   vertex 0.00539845 -0.00927973 -0.15
   vertex 0.00480088 -0.00974522 -0.15
  endloop
 endfacet
 facet normal 0 -0 -1
  outer loop
   vertex 0.000827162 0.0117918 -0.15
   vertex 0.0010375 0.0117402 -0.15
   vertex -0.00273271 0.0103253 -0.15
  endloop
 endfacet
 facet normal 0 -0 -1
  outer loop
   vertex 0.0010375 0.0117402 -0.15
   vertex 0.00126861 0.0116739 -0.15
   vertex -0.00273271 0.0103253 -0.15
  endloop
 endfacet
 facet normal 0 -0 -1
  outer loop
   vertex -0.00273271 0.0103253 -0.15
   vertex 0.00126861 0.0116739 -0.15
   vertex -0.00276159 0.0102225 -0.15
  endloop
 endfacet
 facet normal 0 -0 -1
  outer loop
   vertex 0.00126861 0.0116739 -0.15
   vertex 0.00152326 0.0115902 -0.15
   vertex -0.00276159 0.0102225 -0.15
  endloop
 endfacet
 facet normal 0 0 -1
  outer loop
   vertex -0.00276159 0.0102225 -0.15
   vertex 0.00152326 0.0115902 -0.15
   vertex 0.00180455 0.0114856 -0.15
  endloop
 endfacet
 facet normal 0 0 -1
  outer loop
   vertex -0.00281513 0.009979 -0.15
   vertex -0.00278911 0.0101082 -0.15
   vertex 0.00602996 0.00874673 -0.15
  endloop
 endfacet
 facet normal 0 0 -1
  outer loop
   vertex -0.00278911 0.0101082 -0.15
   vertex -0.00276159 0.0102225 -0.15
   vertex 0.00602996 0.00874673 -0.15
  endloop
 endfacet
 facet normal 0 0 -1
  outer loop
   vertex 0.00602996 0.00874673 -0.15
   vertex -0.00276159 0.0102225 -0.15
   vertex 0.00539845 0.00927973 -0.15
  endloop
 endfacet
 facet normal 0 0 -1
  outer loop
   vertex -0.00276159 0.0102225 -0.15
   vertex 0.00480088 0.00974522 -0.15
   vertex 0.00539845 0.00927973 -0.15
  endloop
 endfacet
 facet normal -0 0 -1
  outer loop
   vertex 0.00126861 -0.0116739 -0.15
   vertex 0.0010375 -0.0117402 -0.15
   vertex -0.00273271 -0.0103253 -0.15
  endloop
 endfacet
 facet normal -0 0 -1
  outer loop
   vertex 0.0010375 -0.0117402 -0.15
   vertex 0.000827162 -0.0117918 -0.15
   vertex -0.00273271 -0.0103253 -0.15
  endloop
 endfacet
 facet normal 0 0 -1
  outer loop
   vertex -0.00273271 -0.0103253 -0.15
   vertex 0.000827162 -0.0117918 -0.15
   vertex 0.000635112 -0.0118312 -0.15
  endloop
 endfacet
 facet normal 0 -0 -1
  outer loop
   vertex 0.000297452 0.0118805 -0.15
   vertex 0.00045918 0.0118602 -0.15
   vertex -0.00273271 0.0103253 -0.15
  endloop
 endfacet
 facet normal 0 -0 -1
  outer loop
   vertex 0.00045918 0.0118602 -0.15
   vertex 0.000635112 0.0118312 -0.15
   vertex -0.00273271 0.0103253 -0.15
  endloop
 endfacet
 facet normal 0 0 -1
  outer loop
   vertex -0.00273271 0.0103253 -0.15
   vertex 0.000635112 0.0118312 -0.15
   vertex 0.000827162 0.0117918 -0.15
  endloop
 endfacet
 facet normal -0 0 -1
  outer loop
   vertex 0.000635112 -0.0118312 -0.15
   vertex 0.00045918 -0.0118602 -0.15
   vertex -0.00273271 -0.0103253 -0.15
  endloop
 endfacet
 facet normal -0 0 -1
  outer loop
   vertex 0.00045918 -0.0118602 -0.15
   vertex 0.000297452 -0.0118805 -0.15
   vertex -0.00273271 -0.0103253 -0.15
  endloop
 endfacet
 facet normal 0 0 -1
  outer loop
   vertex -0.00273271 -0.0103253 -0.15
   vertex 0.000297452 -0.0118805 -0.15
   vertex 0.000148592 -0.0118933 -0.15
  endloop
 endfacet
 facet normal 0 -0 -1
  outer loop
   vertex -0.000973114 0.011774 -0.15
   vertex -0.00078634 0.0118109 -0.15
   vertex -0.00273271 0.0103253 -0.15
  endloop
 endfacet
 facet normal 0 -0 -1
  outer loop
   vertex -0.00078634 0.0118109 -0.15
   vertex -0.000568443 0.0118452 -0.15
   vertex -0.00273271 0.0103253 -0.15
  endloop
 endfacet
 facet normal 0 0 -1
  outer loop
   vertex -0.00273271 0.0103253 -0.15
   vertex -0.000568443 0.0118452 -0.15
   vertex -0.000310604 0.0118756 -0.15
  endloop
 endfacet
 facet normal -0 0 -1
  outer loop
   vertex 0.000148592 -0.0118933 -0.15
   vertex 2.91466e-18 -0.0119 -0.15
   vertex -0.00273271 -0.0103253 -0.15
  endloop
 endfacet
 facet normal 0 0 -1
  outer loop
   vertex 2.91466e-18 -0.0119 -0.15
   vertex -0.000310604 -0.0118756 -0.15
   vertex -0.00273271 -0.0103253 -0.15
  endloop
 endfacet
 facet normal 0 0 -1
  outer loop
   vertex -0.00273271 -0.0103253 -0.15
   vertex -0.000310604 -0.0118756 -0.15
   vertex -0.000568443 -0.0118452 -0.15
  endloop
 endfacet
 facet normal 0 -0 -1
  outer loop
   vertex -0.000310604 0.0118756 -0.15
   vertex 2.91466e-18 0.0119 -0.15
   vertex -0.00273271 0.0103253 -0.15
  endloop
 endfacet
 facet normal 0 -0 -1
  outer loop
   vertex 2.91466e-18 0.0119 -0.15
   vertex 0.000148592 0.0118933 -0.15
   vertex -0.00273271 0.0103253 -0.15
  endloop
 endfacet
 facet normal 0 0 -1
  outer loop
   vertex -0.00273271 0.0103253 -0.15
   vertex 0.000148592 0.0118933 -0.15
   vertex 0.000297452 0.0118805 -0.15
  endloop
 endfacet
 facet normal 0 0 -1
  outer loop
   vertex -0.000568443 -0.0118452 -0.15
   vertex -0.00078634 -0.0118109 -0.15
   vertex -0.00273271 -0.0103253 -0.15
  endloop
 endfacet
 facet normal 0 0 -1
  outer loop
   vertex -0.00078634 -0.0118109 -0.15
   vertex -0.000973114 -0.011774 -0.15
   vertex -0.00273271 -0.0103253 -0.15
  endloop
 endfacet
 facet normal 0 0 -1
  outer loop
   vertex -0.00273271 -0.0103253 -0.15
   vertex -0.000973114 -0.011774 -0.15
   vertex -0.00113521 -0.0117353 -0.15
  endloop
 endfacet
 facet normal 0 -0 -1
  outer loop
   vertex -0.0014034 0.0116547 -0.15
   vertex -0.00127742 0.0116954 -0.15
   vertex -0.00273271 0.0103253 -0.15
  endloop
 endfacet
 facet normal 0 -0 -1
  outer loop
   vertex -0.00127742 0.0116954 -0.15
   vertex -0.00113521 0.0117353 -0.15
   vertex -0.00273271 0.0103253 -0.15
  endloop
 endfacet
 facet normal 0 0 -1
  outer loop
   vertex -0.00273271 0.0103253 -0.15
   vertex -0.00113521 0.0117353 -0.15
   vertex -0.000973114 0.011774 -0.15
  endloop
 endfacet
 facet normal 0 0 -1
  outer loop
   vertex -0.00113521 -0.0117353 -0.15
   vertex -0.00127742 -0.0116954 -0.15
   vertex -0.00273271 -0.0103253 -0.15
  endloop
 endfacet
 facet normal 0 0 -1
  outer loop
   vertex -0.00127742 -0.0116954 -0.15
   vertex -0.0014034 -0.0116547 -0.15
   vertex -0.00273271 -0.0103253 -0.15
  endloop
 endfacet
 facet normal 0 0 -1
  outer loop
   vertex -0.00273271 -0.0103253 -0.15
   vertex -0.0014034 -0.0116547 -0.15
   vertex -0.00151599 -0.0116134 -0.15
  endloop
 endfacet
 facet normal 0 0 -1
  outer loop
   vertex -0.00260268 -0.0106614 -0.15
   vertex -0.00263675 -0.0105875 -0.15
   vertex -0.00151599 -0.0116134 -0.15
  endloop
 endfacet
 facet normal 0 0 -1
  outer loop
   vertex -0.00260268 -0.0106614 -0.15
   vertex -0.00151599 -0.0116134 -0.15
   vertex -0.00256723 -0.0107309 -0.15
  endloop
 endfacet
 facet normal 0 0 -1
  outer loop
   vertex -0.00263675 -0.0105875 -0.15
   vertex -0.00266952 -0.0105084 -0.15
   vertex -0.00151599 -0.0116134 -0.15
  endloop
 endfacet
 facet normal 0 0 -1
  outer loop
   vertex -0.00266952 -0.0105084 -0.15
   vertex -0.00270257 -0.0104185 -0.15
   vertex -0.00151599 -0.0116134 -0.15
  endloop
 endfacet
 facet normal 0 0 -1
  outer loop
   vertex -0.00151599 -0.0116134 -0.15
   vertex -0.00270257 -0.0104185 -0.15
   vertex -0.00273271 -0.0103253 -0.15
  endloop
 endfacet
 facet normal 0 0 -1
  outer loop
   vertex -0.0014034 0.0116547 -0.15
   vertex -0.00273271 0.0103253 -0.15
   vertex -0.00151599 0.0116134 -0.15
  endloop
 endfacet
 facet normal 0 0 -1
  outer loop
   vertex -0.00273271 0.0103253 -0.15
   vertex -0.00270257 0.0104185 -0.15
   vertex -0.00151599 0.0116134 -0.15
  endloop
 endfacet
 facet normal 0 0 -1
  outer loop
   vertex -0.00151599 0.0116134 -0.15
   vertex -0.00270257 0.0104185 -0.15
   vertex -0.00266952 0.0105084 -0.15
  endloop
 endfacet
 facet normal 0 0 -1
  outer loop
   vertex -0.00266952 0.0105084 -0.15
   vertex -0.00263675 0.0105875 -0.15
   vertex -0.00151599 0.0116134 -0.15
  endloop
 endfacet
 facet normal 0 0 -1
  outer loop
   vertex -0.00263675 0.0105875 -0.15
   vertex -0.00260268 0.0106614 -0.15
   vertex -0.00151599 0.0116134 -0.15
  endloop
 endfacet
 facet normal 0 0 -1
  outer loop
   vertex -0.00151599 0.0116134 -0.15
   vertex -0.00260268 0.0106614 -0.15
   vertex -0.00256723 0.0107309 -0.15
  endloop
 endfacet
 facet normal 0 0 -1
  outer loop
   vertex -0.00245157 -0.0109187 -0.15
   vertex -0.00249181 -0.010859 -0.15
   vertex -0.00151599 -0.0116134 -0.15
  endloop
 endfacet
 facet normal 0 0 -1
  outer loop
   vertex -0.00249181 -0.010859 -0.15
   vertex -0.00253031 -0.0107965 -0.15
   vertex -0.00151599 -0.0116134 -0.15
  endloop
 endfacet
 facet normal 0 0 -1
  outer loop
   vertex -0.00151599 -0.0116134 -0.15
   vertex -0.00253031 -0.0107965 -0.15
   vertex -0.00256723 -0.0107309 -0.15
  endloop
 endfacet
 facet normal 0 0 -1
  outer loop
   vertex -0.00256723 0.0107309 -0.15
   vertex -0.00253031 0.0107965 -0.15
   vertex -0.00151599 0.0116134 -0.15
  endloop
 endfacet
 facet normal 0 0 -1
  outer loop
   vertex -0.00253031 0.0107965 -0.15
   vertex -0.00249181 0.010859 -0.15
   vertex -0.00151599 0.0116134 -0.15
  endloop
 endfacet
 facet normal 0 0 -1
  outer loop
   vertex -0.00151599 0.0116134 -0.15
   vertex -0.00249181 0.010859 -0.15
   vertex -0.00245157 0.0109187 -0.15
  endloop
 endfacet
 facet normal 0 0 -1
  outer loop
   vertex -0.00245157 0.0109187 -0.15
   vertex -0.00240942 0.0109761 -0.15
   vertex -0.00151599 0.0116134 -0.15
  endloop
 endfacet
 facet normal 0 0 -1
  outer loop
   vertex -0.00240942 0.0109761 -0.15
   vertex -0.00236514 0.0110315 -0.15
   vertex -0.00151599 0.0116134 -0.15
  endloop
 endfacet
 facet normal 0 0 -1
  outer loop
   vertex -0.00151599 0.0116134 -0.15
   vertex -0.00236514 0.0110315 -0.15
   vertex -0.00161738 0.0115716 -0.15
  endloop
 endfacet
 facet normal 0 0 -1
  outer loop
   vertex -0.00181082 0.0114775 -0.15
   vertex -0.00171916 0.0115247 -0.15
   vertex -0.00161738 0.0115716 -0.15
  endloop
 endfacet
 facet normal 0 0 -1
  outer loop
   vertex -0.00226914 -0.0111374 -0.15
   vertex -0.00231848 -0.0110851 -0.15
   vertex -0.00161738 -0.0115716 -0.15
  endloop
 endfacet
 facet normal 0 0 -1
  outer loop
   vertex -0.00231848 -0.0110851 -0.15
   vertex -0.00236514 -0.0110315 -0.15
   vertex -0.00161738 -0.0115716 -0.15
  endloop
 endfacet
 facet normal 0 0 -1
  outer loop
   vertex -0.00161738 -0.0115716 -0.15
   vertex -0.00236514 -0.0110315 -0.15
   vertex -0.00151599 -0.0116134 -0.15
  endloop
 endfacet
 facet normal 0 0 -1
  outer loop
   vertex -0.00236514 -0.0110315 -0.15
   vertex -0.00240942 -0.0109761 -0.15
   vertex -0.00151599 -0.0116134 -0.15
  endloop
 endfacet
 facet normal 0 0 -1
  outer loop
   vertex -0.00151599 -0.0116134 -0.15
   vertex -0.00240942 -0.0109761 -0.15
   vertex -0.00245157 -0.0109187 -0.15
  endloop
 endfacet
 facet normal 0 0 -1
  outer loop
   vertex -0.00236514 0.0110315 -0.15
   vertex -0.00231848 0.0110851 -0.15
   vertex -0.00161738 0.0115716 -0.15
  endloop
 endfacet
 facet normal 0 0 -1
  outer loop
   vertex -0.00231848 0.0110851 -0.15
   vertex -0.00226914 0.0111374 -0.15
   vertex -0.00161738 0.0115716 -0.15
  endloop
 endfacet
 facet normal 0 0 -1
  outer loop
   vertex -0.00161738 0.0115716 -0.15
   vertex -0.00226914 0.0111374 -0.15
   vertex -0.00221676 0.0111883 -0.15
  endloop
 endfacet
 facet normal 0 0 -1
  outer loop
   vertex -0.00210114 -0.0112875 -0.15
   vertex -0.00216093 -0.0112383 -0.15
   vertex -0.00161738 -0.0115716 -0.15
  endloop
 endfacet
 facet normal 0 0 -1
  outer loop
   vertex -0.00216093 -0.0112383 -0.15
   vertex -0.00221676 -0.0111883 -0.15
   vertex -0.00161738 -0.0115716 -0.15
  endloop
 endfacet
 facet normal 0 0 -1
  outer loop
   vertex -0.00161738 -0.0115716 -0.15
   vertex -0.00221676 -0.0111883 -0.15
   vertex -0.00226914 -0.0111374 -0.15
  endloop
 endfacet
 facet normal 0 0 -1
  outer loop
   vertex -0.00189127 -0.0114316 -0.15
   vertex -0.00161738 -0.0115716 -0.15
   vertex -0.00181082 -0.0114775 -0.15
  endloop
 endfacet
 facet normal 0 0 -1
  outer loop
   vertex -0.00161738 -0.0115716 -0.15
   vertex -0.00171916 -0.0115247 -0.15
   vertex -0.00181082 -0.0114775 -0.15
  endloop
 endfacet
 facet normal 0 0 -1
  outer loop
   vertex -0.00221676 0.0111883 -0.15
   vertex -0.00216093 0.0112383 -0.15
   vertex -0.00161738 0.0115716 -0.15
  endloop
 endfacet
 facet normal 0 0 -1
  outer loop
   vertex -0.00216093 0.0112383 -0.15
   vertex -0.00210114 0.0112875 -0.15
   vertex -0.00161738 0.0115716 -0.15
  endloop
 endfacet
 facet normal 0 0 -1
  outer loop
   vertex -0.00161738 0.0115716 -0.15
   vertex -0.00210114 0.0112875 -0.15
   vertex -0.00203678 0.011336 -0.15
  endloop
 endfacet
 facet normal 0 0 -1
  outer loop
   vertex -0.00189127 -0.0114316 -0.15
   vertex -0.00196711 -0.011384 -0.15
   vertex -0.00161738 -0.0115716 -0.15
  endloop
 endfacet
 facet normal 0 0 -1
  outer loop
   vertex -0.00196711 -0.011384 -0.15
   vertex -0.00203678 -0.011336 -0.15
   vertex -0.00161738 -0.0115716 -0.15
  endloop
 endfacet
 facet normal 0 0 -1
  outer loop
   vertex -0.00161738 -0.0115716 -0.15
   vertex -0.00203678 -0.011336 -0.15
   vertex -0.00210114 -0.0112875 -0.15
  endloop
 endfacet
 facet normal 0 0 -1
  outer loop
   vertex -0.00203678 0.011336 -0.15
   vertex -0.00196711 0.011384 -0.15
   vertex -0.00161738 0.0115716 -0.15
  endloop
 endfacet
 facet normal 0 0 -1
  outer loop
   vertex -0.00196711 0.011384 -0.15
   vertex -0.00189127 0.0114316 -0.15
   vertex -0.00161738 0.0115716 -0.15
  endloop
 endfacet
 facet normal 0 0 -1
  outer loop
   vertex -0.00161738 0.0115716 -0.15
   vertex -0.00189127 0.0114316 -0.15
   vertex -0.00181082 0.0114775 -0.15
  endloop
 endfacet
 facet normal 0 0 1
  outer loop
   vertex 0.0109399 0.00252532 0.15
   vertex 0.0106473 0.00308382 0.15
   vertex -0.00289644 0.0012691 0.15
  endloop
 endfacet
 facet normal 0 -0 1
  outer loop
   vertex 0.0117297 -0.000596291 0.15
   vertex 0.0118517 -0.00018268 0.15
   vertex -0.0028544 6.06471e-19 0.15
  endloop
 endfacet
 facet normal 0 -0 1
  outer loop
   vertex 0.0118517 -0.00018268 0.15
   vertex 0.0119 0 0.15
   vertex -0.0028544 6.06471e-19 0.15
  endloop
 endfacet
 facet normal -0 0 1
  outer loop
   vertex -0.0028544 6.06471e-19 0.15
   vertex 0.0119 0 0.15
   vertex 0.0118517 0.00018268 0.15
  endloop
 endfacet
 facet normal 0 0 1
  outer loop
   vertex 0.0109399 0.00252532 0.15
   vertex -0.00289644 0.0012691 0.15
   vertex 0.0111902 0.0019984 0.15
  endloop
 endfacet
 facet normal 0 -0 1
  outer loop
   vertex 0.0103083 -0.00367365 0.15
   vertex 0.0106473 -0.00308382 0.15
   vertex -0.00289644 -0.0012691 0.15
  endloop
 endfacet
 facet normal 0 -0 1
  outer loop
   vertex 0.0106473 -0.00308382 0.15
   vertex 0.0109399 -0.00252532 0.15
   vertex -0.00289644 -0.0012691 0.15
  endloop
 endfacet
 facet normal 0 0 1
  outer loop
   vertex 0.00668394 -0.00814866 0.15
   vertex -0.00293701 -0.00685469 0.15
   vertex 0.00602996 -0.00874673 0.15
  endloop
 endfacet
 facet normal 0 0 1
  outer loop
   vertex -0.00293701 -0.00685469 0.15
   vertex -0.00290592 -0.00896237 0.15
   vertex 0.00602996 -0.00874673 0.15
  endloop
 endfacet
 facet normal 0 0 1
  outer loop
   vertex -0.00278911 0.0101082 0.15
   vertex -0.00281513 0.009979 0.15
   vertex 0.00602996 0.00874673 0.15
  endloop
 endfacet
 facet normal 0 0 1
  outer loop
   vertex -0.00281513 0.009979 0.15
   vertex -0.00283943 0.0098303 0.15
   vertex 0.00602996 0.00874673 0.15
  endloop
 endfacet
 facet normal 0 0 1
  outer loop
   vertex 0.00602996 0.00874673 0.15
   vertex -0.00283943 0.0098303 0.15
   vertex -0.00286172 0.00965482 0.15
  endloop
 endfacet
 facet normal 0 0 1
  outer loop
   vertex 0.0118517 0.00018268 0.15
   vertex 0.0117297 0.000596291 0.15
   vertex -0.0028544 6.06471e-19 0.15
  endloop
 endfacet
 facet normal 0 0 1
  outer loop
   vertex 0.0117297 0.000596291 0.15
   vertex 0.0115811 0.0010355 0.15
   vertex -0.0028544 6.06471e-19 0.15
  endloop
 endfacet
 facet normal 0 -0 1
  outer loop
   vertex -0.0028544 6.06471e-19 0.15
   vertex 0.0115811 0.0010355 0.15
   vertex -0.00289644 0.0012691 0.15
  endloop
 endfacet
 facet normal 0 0 1
  outer loop
   vertex 0.0115811 0.0010355 0.15
   vertex 0.0114026 0.00150227 0.15
   vertex -0.00289644 0.0012691 0.15
  endloop
 endfacet
 facet normal 0 0 1
  outer loop
   vertex -0.00289644 0.0012691 0.15
   vertex 0.0114026 0.00150227 0.15
   vertex 0.0111902 0.0019984 0.15
  endloop
 endfacet
 facet normal 0 -0 1
  outer loop
   vertex 0.0109399 -0.00252532 0.15
   vertex 0.0111902 -0.0019984 0.15
   vertex -0.00289644 -0.0012691 0.15
  endloop
 endfacet
 facet normal 0 -0 1
  outer loop
   vertex 0.0111902 -0.0019984 0.15
   vertex 0.0114026 -0.00150227 0.15
   vertex -0.00289644 -0.0012691 0.15
  endloop
 endfacet
 facet normal -0 0 1
  outer loop
   vertex -0.00289644 -0.0012691 0.15
   vertex 0.0114026 -0.00150227 0.15
   vertex -0.0028544 6.06471e-19 0.15
  endloop
 endfacet
 facet normal 0 -0 1
  outer loop
   vertex 0.0114026 -0.00150227 0.15
   vertex 0.0115811 -0.0010355 0.15
   vertex -0.0028544 6.06471e-19 0.15
  endloop
 endfacet
 facet normal 0 0 1
  outer loop
   vertex -0.0028544 6.06471e-19 0.15
   vertex 0.0115811 -0.0010355 0.15
   vertex 0.0117297 -0.000596291 0.15
  endloop
 endfacet
 facet normal 0 0 1
  outer loop
   vertex 0.00602996 -0.00874673 0.15
   vertex -0.00283943 -0.0098303 0.15
   vertex -0.00281513 -0.009979 0.15
  endloop
 endfacet
 facet normal 0 0 1
  outer loop
   vertex -0.00286172 0.00965482 0.15
   vertex -0.00288547 0.00938606 0.15
   vertex 0.00602996 0.00874673 0.15
  endloop
 endfacet
 facet normal 0 0 1
  outer loop
   vertex -0.00288547 0.00938606 0.15
   vertex -0.00290592 0.00896237 0.15
   vertex 0.00602996 0.00874673 0.15
  endloop
 endfacet
 facet normal 0 0 1
  outer loop
   vertex 0.00602996 0.00874673 0.15
   vertex -0.00290592 0.00896237 0.15
   vertex 0.00668394 0.00814866 0.15
  endloop
 endfacet
 facet normal 0 0 1
  outer loop
   vertex -0.00290592 0.00896237 0.15
   vertex -0.00293701 0.00685469 0.15
   vertex 0.00668394 0.00814866 0.15
  endloop
 endfacet
 facet normal 0 0 1
  outer loop
   vertex 0.00668394 0.00814866 0.15
   vertex -0.00293701 0.00685469 0.15
   vertex 0.00702963 0.00781254 0.15
  endloop
 endfacet
 facet normal 0 0 1
  outer loop
   vertex 0.0106473 0.00308382 0.15
   vertex 0.0103083 0.00367365 0.15
   vertex -0.00289644 0.0012691 0.15
  endloop
 endfacet
 facet normal 0 0 1
  outer loop
   vertex 0.0103083 0.00367365 0.15
   vertex 0.00991922 0.0042931 0.15
   vertex -0.00289644 0.0012691 0.15
  endloop
 endfacet
 facet normal 0 0 1
  outer loop
   vertex -0.00289644 0.0012691 0.15
   vertex 0.00991922 0.0042931 0.15
   vertex 0.00947791 0.00493831 0.15
  endloop
 endfacet
 facet normal 0 -0 1
  outer loop
   vertex 0.00892773 -0.00567547 0.15
   vertex 0.00947791 -0.00493831 0.15
   vertex -0.00289644 -0.0012691 0.15
  endloop
 endfacet
 facet normal 0 -0 1
  outer loop
   vertex 0.00947791 -0.00493831 0.15
   vertex 0.00991922 -0.0042931 0.15
   vertex -0.00289644 -0.0012691 0.15
  endloop
 endfacet
 facet normal 0 0 1
  outer loop
   vertex -0.00289644 -0.0012691 0.15
   vertex 0.00991922 -0.0042931 0.15
   vertex 0.0103083 -0.00367365 0.15
  endloop
 endfacet
 facet normal -0 0 1
  outer loop
   vertex -0.00290592 -0.00896237 0.15
   vertex -0.00288547 -0.00938606 0.15
   vertex 0.00602996 -0.00874673 0.15
  endloop
 endfacet
 facet normal -0 0 1
  outer loop
   vertex -0.00288547 -0.00938606 0.15
   vertex -0.00286172 -0.00965482 0.15
   vertex 0.00602996 -0.00874673 0.15
  endloop
 endfacet
 facet normal 0 0 1
  outer loop
   vertex 0.00602996 -0.00874673 0.15
   vertex -0.00286172 -0.00965482 0.15
   vertex -0.00283943 -0.0098303 0.15
  endloop
 endfacet
 facet normal 0 0 1
  outer loop
   vertex 0.00947791 0.00493831 0.15
   vertex 0.00892773 0.00567547 0.15
   vertex -0.00289644 0.0012691 0.15
  endloop
 endfacet
 facet normal 0 0 1
  outer loop
   vertex 0.00892773 0.00567547 0.15
   vertex 0.00832716 0.00641184 0.15
   vertex -0.00289644 0.0012691 0.15
  endloop
 endfacet
 facet normal 0 -0 1
  outer loop
   vertex -0.00289644 0.0012691 0.15
   vertex 0.00832716 0.00641184 0.15
   vertex -0.00293701 0.00685469 0.15
  endloop
 endfacet
 facet normal 0 0 1
  outer loop
   vertex 0.00832716 0.00641184 0.15
   vertex 0.00768951 0.00712943 0.15
   vertex -0.00293701 0.00685469 0.15
  endloop
 endfacet
 facet normal 0 0 1
  outer loop
   vertex -0.00293701 0.00685469 0.15
   vertex 0.00768951 0.00712943 0.15
   vertex 0.00702963 0.00781254 0.15
  endloop
 endfacet
 facet normal 0 -0 1
  outer loop
   vertex 0.00668394 -0.00814866 0.15
   vertex 0.00702963 -0.00781254 0.15
   vertex -0.00293701 -0.00685469 0.15
  endloop
 endfacet
 facet normal 0 -0 1
  outer loop
   vertex 0.00702963 -0.00781254 0.15
   vertex 0.00768951 -0.00712943 0.15
   vertex -0.00293701 -0.00685469 0.15
  endloop
 endfacet
 facet normal -0 0 1
  outer loop
   vertex -0.00293701 -0.00685469 0.15
   vertex 0.00768951 -0.00712943 0.15
   vertex -0.00289644 -0.0012691 0.15
  endloop
 endfacet
 facet normal 0 -0 1
  outer loop
   vertex 0.00768951 -0.00712943 0.15
   vertex 0.00832716 -0.00641184 0.15
   vertex -0.00289644 -0.0012691 0.15
  endloop
 endfacet
 facet normal 0 0 1
  outer loop
   vertex -0.00289644 -0.0012691 0.15
   vertex 0.00832716 -0.00641184 0.15
   vertex 0.00892773 -0.00567547 0.15
  endloop
 endfacet
 facet normal 0 0 1
  outer loop
   vertex 0.00326619 0.0107672 0.15
   vertex 0.00284315 0.0110029 0.15
   vertex -0.00276159 0.0102225 0.15
  endloop
 endfacet
 facet normal 0 -0 1
  outer loop
   vertex 0.00180455 -0.0114856 0.15
   vertex 0.00211589 -0.0113562 0.15
   vertex -0.00276159 -0.0102225 0.15
  endloop
 endfacet
 facet normal 0 0 1
  outer loop
   vertex 0.00284315 0.0110029 0.15
   vertex 0.00246087 0.0111971 0.15
   vertex -0.00276159 0.0102225 0.15
  endloop
 endfacet
 facet normal 0 0 1
  outer loop
   vertex 0.00246087 0.0111971 0.15
   vertex 0.00211589 0.0113562 0.15
   vertex -0.00276159 0.0102225 0.15
  endloop
 endfacet
 facet normal 0 0 1
  outer loop
   vertex -0.00276159 0.0102225 0.15
   vertex 0.00211589 0.0113562 0.15
   vertex 0.00180455 0.0114856 0.15
  endloop
 endfacet
 facet normal 0 -0 1
  outer loop
   vertex 0.00211589 -0.0113562 0.15
   vertex 0.00246087 -0.0111971 0.15
   vertex -0.00276159 -0.0102225 0.15
  endloop
 endfacet
 facet normal 0 -0 1
  outer loop
   vertex 0.00246087 -0.0111971 0.15
   vertex 0.00284315 -0.0110029 0.15
   vertex -0.00276159 -0.0102225 0.15
  endloop
 endfacet
 facet normal 0 0 1
  outer loop
   vertex -0.00276159 -0.0102225 0.15
   vertex 0.00284315 -0.0110029 0.15
   vertex 0.00326619 -0.0107672 0.15
  endloop
 endfacet
 facet normal 0 0 1
  outer loop
   vertex 0.00480088 0.00974522 0.15
   vertex 0.00424451 0.0101449 0.15
   vertex -0.00276159 0.0102225 0.15
  endloop
 endfacet
 facet normal 0 0 1
  outer loop
   vertex 0.00424451 0.0101449 0.15
   vertex 0.00373278 0.0104835 0.15
   vertex -0.00276159 0.0102225 0.15
  endloop
 endfacet
 facet normal 0 0 1
  outer loop
   vertex -0.00276159 0.0102225 0.15
   vertex 0.00373278 0.0104835 0.15
   vertex 0.00326619 0.0107672 0.15
  endloop
 endfacet
 facet normal 0 0 1
  outer loop
   vertex 0.00180455 0.0114856 0.15
   vertex 0.00152326 0.0115902 0.15
   vertex -0.00276159 0.0102225 0.15
  endloop
 endfacet
 facet normal 0 0 1
  outer loop
   vertex 0.00152326 0.0115902 0.15
   vertex 0.00126861 0.0116739 0.15
   vertex -0.00276159 0.0102225 0.15
  endloop
 endfacet
 facet normal 0 0 1
  outer loop
   vertex -0.00276159 0.0102225 0.15
   vertex 0.00126861 0.0116739 0.15
   vertex -0.00273271 0.0103253 0.15
  endloop
 endfacet
 facet normal 0 -0 1
  outer loop
   vertex 0.00326619 -0.0107672 0.15
   vertex 0.00373278 -0.0104835 0.15
   vertex -0.00276159 -0.0102225 0.15
  endloop
 endfacet
 facet normal 0 -0 1
  outer loop
   vertex 0.00373278 -0.0104835 0.15
   vertex 0.00424451 -0.0101449 0.15
   vertex -0.00276159 -0.0102225 0.15
  endloop
 endfacet
 facet normal 0 0 1
  outer loop
   vertex -0.00276159 -0.0102225 0.15
   vertex 0.00424451 -0.0101449 0.15
   vertex 0.00480088 -0.00974522 0.15
  endloop
 endfacet
 facet normal -0 0 1
  outer loop
   vertex -0.00278911 0.0101082 0.15
   vertex 0.00602996 0.00874673 0.15
   vertex -0.00276159 0.0102225 0.15
  endloop
 endfacet
 facet normal 0 0 1
  outer loop
   vertex 0.00602996 0.00874673 0.15
   vertex 0.00539845 0.00927973 0.15
   vertex -0.00276159 0.0102225 0.15
  endloop
 endfacet
 facet normal 0 0 1
  outer loop
   vertex -0.00276159 0.0102225 0.15
   vertex 0.00539845 0.00927973 0.15
   vertex 0.00480088 0.00974522 0.15
  endloop
 endfacet
 facet normal 0 -0 1
  outer loop
   vertex 0.000827162 -0.0117918 0.15
   vertex 0.0010375 -0.0117402 0.15
   vertex -0.00273271 -0.0103253 0.15
  endloop
 endfacet
 facet normal 0 -0 1
  outer loop
   vertex 0.0010375 -0.0117402 0.15
   vertex 0.00126861 -0.0116739 0.15
   vertex -0.00273271 -0.0103253 0.15
  endloop
 endfacet
 facet normal -0 -0 1
  outer loop
   vertex -0.00273271 -0.0103253 0.15
   vertex 0.00126861 -0.0116739 0.15
   vertex -0.00276159 -0.0102225 0.15
  endloop
 endfacet
 facet normal 0 -0 1
  outer loop
   vertex 0.00126861 -0.0116739 0.15
   vertex 0.00152326 -0.0115902 0.15
   vertex -0.00276159 -0.0102225 0.15
  endloop
 endfacet
 facet normal 0 0 1
  outer loop
   vertex -0.00276159 -0.0102225 0.15
   vertex 0.00152326 -0.0115902 0.15
   vertex 0.00180455 -0.0114856 0.15
  endloop
 endfacet
 facet normal -0 0 1
  outer loop
   vertex -0.00281513 -0.009979 0.15
   vertex -0.00278911 -0.0101082 0.15
   vertex 0.00602996 -0.00874673 0.15
  endloop
 endfacet
 facet normal -0 0 1
  outer loop
   vertex -0.00278911 -0.0101082 0.15
   vertex -0.00276159 -0.0102225 0.15
   vertex 0.00602996 -0.00874673 0.15
  endloop
 endfacet
 facet normal 0 0 1
  outer loop
   vertex 0.00602996 -0.00874673 0.15
   vertex -0.00276159 -0.0102225 0.15
   vertex 0.00539845 -0.00927973 0.15
  endloop
 endfacet
 facet normal 0 0 1
  outer loop
   vertex -0.00276159 -0.0102225 0.15
   vertex 0.00480088 -0.00974522 0.15
   vertex 0.00539845 -0.00927973 0.15
  endloop
 endfacet
 facet normal 0 0 1
  outer loop
   vertex 0.00126861 0.0116739 0.15
   vertex 0.0010375 0.0117402 0.15
   vertex -0.00273271 0.0103253 0.15
  endloop
 endfacet
 facet normal 0 0 1
  outer loop
   vertex 0.0010375 0.0117402 0.15
   vertex 0.000827162 0.0117918 0.15
   vertex -0.00273271 0.0103253 0.15
  endloop
 endfacet
 facet normal 0 0 1
  outer loop
   vertex -0.00273271 0.0103253 0.15
   vertex 0.000827162 0.0117918 0.15
   vertex 0.000635112 0.0118312 0.15
  endloop
 endfacet
 facet normal 0 -0 1
  outer loop
   vertex 0.000297452 -0.0118805 0.15
   vertex 0.00045918 -0.0118602 0.15
   vertex -0.00273271 -0.0103253 0.15
  endloop
 endfacet
 facet normal 0 -0 1
  outer loop
   vertex 0.00045918 -0.0118602 0.15
   vertex 0.000635112 -0.0118312 0.15
   vertex -0.00273271 -0.0103253 0.15
  endloop
 endfacet
 facet normal 0 0 1
  outer loop
   vertex -0.00273271 -0.0103253 0.15
   vertex 0.000635112 -0.0118312 0.15
   vertex 0.000827162 -0.0117918 0.15
  endloop
 endfacet
 facet normal 0 0 1
  outer loop
   vertex 0.000635112 0.0118312 0.15
   vertex 0.00045918 0.0118602 0.15
   vertex -0.00273271 0.0103253 0.15
  endloop
 endfacet
 facet normal 0 0 1
  outer loop
   vertex 0.00045918 0.0118602 0.15
   vertex 0.000297452 0.0118805 0.15
   vertex -0.00273271 0.0103253 0.15
  endloop
 endfacet
 facet normal 0 0 1
  outer loop
   vertex -0.00273271 0.0103253 0.15
   vertex 0.000297452 0.0118805 0.15
   vertex 0.000148592 0.0118933 0.15
  endloop
 endfacet
 facet normal -0 -0 1
  outer loop
   vertex -0.000973114 -0.011774 0.15
   vertex -0.00078634 -0.0118109 0.15
   vertex -0.00273271 -0.0103253 0.15
  endloop
 endfacet
 facet normal -0 -0 1
  outer loop
   vertex -0.00078634 -0.0118109 0.15
   vertex -0.000568443 -0.0118452 0.15
   vertex -0.00273271 -0.0103253 0.15
  endloop
 endfacet
 facet normal 0 0 1
  outer loop
   vertex -0.00273271 -0.0103253 0.15
   vertex -0.000568443 -0.0118452 0.15
   vertex -0.000310604 -0.0118756 0.15
  endloop
 endfacet
 facet normal 0 0 1
  outer loop
   vertex 0.000148592 0.0118933 0.15
   vertex 2.91466e-18 0.0119 0.15
   vertex -0.00273271 0.0103253 0.15
  endloop
 endfacet
 facet normal 0 0 1
  outer loop
   vertex 2.91466e-18 0.0119 0.15
   vertex -0.000310604 0.0118756 0.15
   vertex -0.00273271 0.0103253 0.15
  endloop
 endfacet
 facet normal 0 0 1
  outer loop
   vertex -0.00273271 0.0103253 0.15
   vertex -0.000310604 0.0118756 0.15
   vertex -0.000568443 0.0118452 0.15
  endloop
 endfacet
 facet normal -0 -0 1
  outer loop
   vertex -0.000310604 -0.0118756 0.15
   vertex 2.91466e-18 -0.0119 0.15
   vertex -0.00273271 -0.0103253 0.15
  endloop
 endfacet
 facet normal 0 -0 1
  outer loop
   vertex 2.91466e-18 -0.0119 0.15
   vertex 0.000148592 -0.0118933 0.15
   vertex -0.00273271 -0.0103253 0.15
  endloop
 endfacet
 facet normal 0 0 1
  outer loop
   vertex -0.00273271 -0.0103253 0.15
   vertex 0.000148592 -0.0118933 0.15
   vertex 0.000297452 -0.0118805 0.15
  endloop
 endfacet
 facet normal 0 0 1
  outer loop
   vertex -0.000568443 0.0118452 0.15
   vertex -0.00078634 0.0118109 0.15
   vertex -0.00273271 0.0103253 0.15
  endloop
 endfacet
 facet normal 0 0 1
  outer loop
   vertex -0.00078634 0.0118109 0.15
   vertex -0.000973114 0.011774 0.15
   vertex -0.00273271 0.0103253 0.15
  endloop
 endfacet
 facet normal 0 0 1
  outer loop
   vertex -0.00273271 0.0103253 0.15
   vertex -0.000973114 0.011774 0.15
   vertex -0.00113521 0.0117353 0.15
  endloop
 endfacet
 facet normal -0 -0 1
  outer loop
   vertex -0.0014034 -0.0116547 0.15
   vertex -0.00127742 -0.0116954 0.15
   vertex -0.00273271 -0.0103253 0.15
  endloop
 endfacet
 facet normal -0 -0 1
  outer loop
   vertex -0.00127742 -0.0116954 0.15
   vertex -0.00113521 -0.0117353 0.15
   vertex -0.00273271 -0.0103253 0.15
  endloop
 endfacet
 facet normal 0 0 1
  outer loop
   vertex -0.00273271 -0.0103253 0.15
   vertex -0.00113521 -0.0117353 0.15
   vertex -0.000973114 -0.011774 0.15
  endloop
 endfacet
 facet normal 0 0 1
  outer loop
   vertex -0.00113521 0.0117353 0.15
   vertex -0.00127742 0.0116954 0.15
   vertex -0.00273271 0.0103253 0.15
  endloop
 endfacet
 facet normal 0 0 1
  outer loop
   vertex -0.00127742 0.0116954 0.15
   vertex -0.0014034 0.0116547 0.15
   vertex -0.00273271 0.0103253 0.15
  endloop
 endfacet
 facet normal 0 0 1
  outer loop
   vertex -0.00273271 0.0103253 0.15
   vertex -0.0014034 0.0116547 0.15
   vertex -0.00151599 0.0116134 0.15
  endloop
 endfacet
 facet normal -0 0 1
  outer loop
   vertex -0.00260268 0.0106614 0.15
   vertex -0.00263675 0.0105875 0.15
   vertex -0.00151599 0.0116134 0.15
  endloop
 endfacet
 facet normal 0 0 1
  outer loop
   vertex -0.00260268 0.0106614 0.15
   vertex -0.00151599 0.0116134 0.15
   vertex -0.00256723 0.0107309 0.15
  endloop
 endfacet
 facet normal -0 0 1
  outer loop
   vertex -0.00263675 0.0105875 0.15
   vertex -0.00266952 0.0105084 0.15
   vertex -0.00151599 0.0116134 0.15
  endloop
 endfacet
 facet normal -0 0 1
  outer loop
   vertex -0.00266952 0.0105084 0.15
   vertex -0.00270257 0.0104185 0.15
   vertex -0.00151599 0.0116134 0.15
  endloop
 endfacet
 facet normal 0 0 1
  outer loop
   vertex -0.00151599 0.0116134 0.15
   vertex -0.00270257 0.0104185 0.15
   vertex -0.00273271 0.0103253 0.15
  endloop
 endfacet
 facet normal 0 0 1
  outer loop
   vertex -0.0014034 -0.0116547 0.15
   vertex -0.00273271 -0.0103253 0.15
   vertex -0.00151599 -0.0116134 0.15
  endloop
 endfacet
 facet normal 0 0 1
  outer loop
   vertex -0.00273271 -0.0103253 0.15
   vertex -0.00270257 -0.0104185 0.15
   vertex -0.00151599 -0.0116134 0.15
  endloop
 endfacet
 facet normal 0 0 1
  outer loop
   vertex -0.00151599 -0.0116134 0.15
   vertex -0.00270257 -0.0104185 0.15
   vertex -0.00266952 -0.0105084 0.15
  endloop
 endfacet
 facet normal 0 0 1
  outer loop
   vertex -0.00266952 -0.0105084 0.15
   vertex -0.00263675 -0.0105875 0.15
   vertex -0.00151599 -0.0116134 0.15
  endloop
 endfacet
 facet normal 0 0 1
  outer loop
   vertex -0.00263675 -0.0105875 0.15
   vertex -0.00260268 -0.0106614 0.15
   vertex -0.00151599 -0.0116134 0.15
  endloop
 endfacet
 facet normal 0 0 1
  outer loop
   vertex -0.00151599 -0.0116134 0.15
   vertex -0.00260268 -0.0106614 0.15
   vertex -0.00256723 -0.0107309 0.15
  endloop
 endfacet
 facet normal -0 0 1
  outer loop
   vertex -0.00245157 0.0109187 0.15
   vertex -0.00249181 0.010859 0.15
   vertex -0.00151599 0.0116134 0.15
  endloop
 endfacet
 facet normal -0 0 1
  outer loop
   vertex -0.00249181 0.010859 0.15
   vertex -0.00253031 0.0107965 0.15
   vertex -0.00151599 0.0116134 0.15
  endloop
 endfacet
 facet normal 0 0 1
  outer loop
   vertex -0.00151599 0.0116134 0.15
   vertex -0.00253031 0.0107965 0.15
   vertex -0.00256723 0.0107309 0.15
  endloop
 endfacet
 facet normal 0 0 1
  outer loop
   vertex -0.00256723 -0.0107309 0.15
   vertex -0.00253031 -0.0107965 0.15
   vertex -0.00151599 -0.0116134 0.15
  endloop
 endfacet
 facet normal 0 0 1
  outer loop
   vertex -0.00253031 -0.0107965 0.15
   vertex -0.00249181 -0.010859 0.15
   vertex -0.00151599 -0.0116134 0.15
  endloop
 endfacet
 facet normal 0 0 1
  outer loop
   vertex -0.00151599 -0.0116134 0.15
   vertex -0.00249181 -0.010859 0.15
   vertex -0.00245157 -0.0109187 0.15
  endloop
 endfacet
 facet normal 0 0 1
  outer loop
   vertex -0.00245157 -0.0109187 0.15
   vertex -0.00240942 -0.0109761 0.15
   vertex -0.00151599 -0.0116134 0.15
  endloop
 endfacet
 facet normal 0 0 1
  outer loop
   vertex -0.00240942 -0.0109761 0.15
   vertex -0.00236514 -0.0110315 0.15
   vertex -0.00151599 -0.0116134 0.15
  endloop
 endfacet
 facet normal 0 0 1
  outer loop
   vertex -0.00151599 -0.0116134 0.15
   vertex -0.00236514 -0.0110315 0.15
   vertex -0.00161738 -0.0115716 0.15
  endloop
 endfacet
 facet normal 0 0 1
  outer loop
   vertex -0.00181082 -0.0114775 0.15
   vertex -0.00171916 -0.0115247 0.15
   vertex -0.00161738 -0.0115716 0.15
  endloop
 endfacet
 facet normal -0 0 1
  outer loop
   vertex -0.00226914 0.0111374 0.15
   vertex -0.00231848 0.0110851 0.15
   vertex -0.00161738 0.0115716 0.15
  endloop
 endfacet
 facet normal -0 0 1
  outer loop
   vertex -0.00231848 0.0110851 0.15
   vertex -0.00236514 0.0110315 0.15
   vertex -0.00161738 0.0115716 0.15
  endloop
 endfacet
 facet normal -0 0 1
  outer loop
   vertex -0.00161738 0.0115716 0.15
   vertex -0.00236514 0.0110315 0.15
   vertex -0.00151599 0.0116134 0.15
  endloop
 endfacet
 facet normal -0 0 1
  outer loop
   vertex -0.00236514 0.0110315 0.15
   vertex -0.00240942 0.0109761 0.15
   vertex -0.00151599 0.0116134 0.15
  endloop
 endfacet
 facet normal 0 0 1
  outer loop
   vertex -0.00151599 0.0116134 0.15
   vertex -0.00240942 0.0109761 0.15
   vertex -0.00245157 0.0109187 0.15
  endloop
 endfacet
 facet normal 0 0 1
  outer loop
   vertex -0.00236514 -0.0110315 0.15
   vertex -0.00231848 -0.0110851 0.15
   vertex -0.00161738 -0.0115716 0.15
  endloop
 endfacet
 facet normal 0 0 1
  outer loop
   vertex -0.00231848 -0.0110851 0.15
   vertex -0.00226914 -0.0111374 0.15
   vertex -0.00161738 -0.0115716 0.15
  endloop
 endfacet
 facet normal 0 0 1
  outer loop
   vertex -0.00161738 -0.0115716 0.15
   vertex -0.00226914 -0.0111374 0.15
   vertex -0.00221676 -0.0111883 0.15
  endloop
 endfacet
 facet normal -0 0 1
  outer loop
   vertex -0.00210114 0.0112875 0.15
   vertex -0.00216093 0.0112383 0.15
   vertex -0.00161738 0.0115716 0.15
  endloop
 endfacet
 facet normal -0 0 1
  outer loop
   vertex -0.00216093 0.0112383 0.15
   vertex -0.00221676 0.0111883 0.15
   vertex -0.00161738 0.0115716 0.15
  endloop
 endfacet
 facet normal 0 0 1
  outer loop
   vertex -0.00161738 0.0115716 0.15
   vertex -0.00221676 0.0111883 0.15
   vertex -0.00226914 0.0111374 0.15
  endloop
 endfacet
 facet normal 0 0 1
  outer loop
   vertex -0.00189127 0.0114316 0.15
   vertex -0.00161738 0.0115716 0.15
   vertex -0.00181082 0.0114775 0.15
  endloop
 endfacet
 facet normal 0 0 1
  outer loop
   vertex -0.00161738 0.0115716 0.15
   vertex -0.00171916 0.0115247 0.15
   vertex -0.00181082 0.0114775 0.15
  endloop
 endfacet
 facet normal 0 0 1
  outer loop
   vertex -0.00221676 -0.0111883 0.15
   vertex -0.00216093 -0.0112383 0.15
   vertex -0.00161738 -0.0115716 0.15
  endloop
 endfacet
 facet normal 0 0 1
  outer loop
   vertex -0.00216093 -0.0112383 0.15
   vertex -0.00210114 -0.0112875 0.15
   vertex -0.00161738 -0.0115716 0.15
  endloop
 endfacet
 facet normal 0 0 1
  outer loop
   vertex -0.00161738 -0.0115716 0.15
   vertex -0.00210114 -0.0112875 0.15
   vertex -0.00203678 -0.011336 0.15
  endloop
 endfacet
 facet normal -0 0 1
  outer loop
   vertex -0.00189127 0.0114316 0.15
   vertex -0.00196711 0.011384 0.15
   vertex -0.00161738 0.0115716 0.15
  endloop
 endfacet
 facet normal -0 0 1
  outer loop
   vertex -0.00196711 0.011384 0.15
   vertex -0.00203678 0.011336 0.15
   vertex -0.00161738 0.0115716 0.15
  endloop
 endfacet
 facet normal 0 0 1
  outer loop
   vertex -0.00161738 0.0115716 0.15
   vertex -0.00203678 0.011336 0.15
   vertex -0.00210114 0.0112875 0.15
  endloop
 endfacet
 facet normal 0 0 1
  outer loop
   vertex -0.00203678 -0.011336 0.15
   vertex -0.00196711 -0.011384 0.15
   vertex -0.00161738 -0.0115716 0.15
  endloop
 endfacet
 facet normal 0 0 1
  outer loop
   vertex -0.00196711 -0.011384 0.15
   vertex -0.00189127 -0.0114316 0.15
   vertex -0.00161738 -0.0115716 0.15
  endloop
 endfacet
 facet normal 0 0 1
  outer loop
   vertex -0.00161738 -0.0115716 0.15
   vertex -0.00189127 -0.0114316 0.15
   vertex -0.00181082 -0.0114775 0.15
  endloop
 endfacet
 facet normal -0.0782902 0.996931 0
  outer loop
   vertex 2.91466e-18 0.0119 0.15
   vertex 2.91466e-18 0.0119 -0.15
   vertex -0.000310604 0.0118756 -0.15
  endloop
 endfacet
 facet normal -0.0782902 0.996931 0
  outer loop
   vertex 2.91466e-18 0.0119 0.15
   vertex -0.000310604 0.0118756 -0.15
   vertex -0.000310604 0.0118756 0.15
  endloop
 endfacet
 facet normal -0.116992 0.993133 0
  outer loop
   vertex -0.000310604 0.0118756 -0.15
   vertex -0.000568443 0.0118452 -0.15
   vertex -0.000310604 0.0118756 0.15
  endloop
 endfacet
 facet normal -0.116992 0.993133 0
  outer loop
   vertex -0.000310604 0.0118756 0.15
   vertex -0.000568443 0.0118452 -0.15
   vertex -0.000568443 0.0118452 0.15
  endloop
 endfacet
 facet normal -0.15557 0.987825 0
  outer loop
   vertex -0.000568443 0.0118452 -0.15
   vertex -0.00078634 0.0118109 -0.15
   vertex -0.000568443 0.0118452 0.15
  endloop
 endfacet
 facet normal -0.15557 0.987825 0
  outer loop
   vertex -0.000568443 0.0118452 0.15
   vertex -0.00078634 0.0118109 -0.15
   vertex -0.00078634 0.0118109 0.15
  endloop
 endfacet
 facet normal -0.193976 0.981006 0
  outer loop
   vertex -0.00078634 0.0118109 -0.15
   vertex -0.000973114 0.011774 -0.15
   vertex -0.00078634 0.0118109 0.15
  endloop
 endfacet
 facet normal -0.193976 0.981006 0
  outer loop
   vertex -0.00078634 0.0118109 0.15
   vertex -0.000973114 0.011774 -0.15
   vertex -0.000973114 0.011774 0.15
  endloop
 endfacet
 facet normal -0.232131 0.972685 0
  outer loop
   vertex -0.000973114 0.011774 -0.15
   vertex -0.00113521 0.0117353 -0.15
   vertex -0.000973114 0.011774 0.15
  endloop
 endfacet
 facet normal -0.232131 0.972685 0
  outer loop
   vertex -0.000973114 0.011774 0.15
   vertex -0.00113521 0.0117353 -0.15
   vertex -0.00113521 0.0117353 0.15
  endloop
 endfacet
 facet normal -0.269967 0.962869 0
  outer loop
   vertex -0.00113521 0.0117353 -0.15
   vertex -0.00127742 0.0116954 -0.15
   vertex -0.00113521 0.0117353 0.15
  endloop
 endfacet
 facet normal -0.269967 0.962869 0
  outer loop
   vertex -0.00113521 0.0117353 0.15
   vertex -0.00127742 0.0116954 -0.15
   vertex -0.00127742 0.0116954 0.15
  endloop
 endfacet
 facet normal -0.307422 0.951573 0
  outer loop
   vertex -0.00127742 0.0116954 -0.15
   vertex -0.0014034 0.0116547 -0.15
   vertex -0.00127742 0.0116954 0.15
  endloop
 endfacet
 facet normal -0.307422 0.951573 0
  outer loop
   vertex -0.00127742 0.0116954 0.15
   vertex -0.0014034 0.0116547 -0.15
   vertex -0.0014034 0.0116547 0.15
  endloop
 endfacet
 facet normal -0.34443 0.938812 0
  outer loop
   vertex -0.0014034 0.0116547 -0.15
   vertex -0.00151599 0.0116134 -0.15
   vertex -0.0014034 0.0116547 0.15
  endloop
 endfacet
 facet normal -0.34443 0.938812 0
  outer loop
   vertex -0.0014034 0.0116547 0.15
   vertex -0.00151599 0.0116134 -0.15
   vertex -0.00151599 0.0116134 0.15
  endloop
 endfacet
 facet normal -0.380942 0.924599 0
  outer loop
   vertex -0.00151599 0.0116134 -0.15
   vertex -0.00161738 0.0115716 -0.15
   vertex -0.00151599 0.0116134 0.15
  endloop
 endfacet
 facet normal -0.380942 0.924599 0
  outer loop
   vertex -0.00151599 0.0116134 0.15
   vertex -0.00161738 0.0115716 -0.15
   vertex -0.00161738 0.0115716 0.15
  endloop
 endfacet
 facet normal -0.418821 0.908069 0
  outer loop
   vertex -0.00161738 0.0115716 -0.15
   vertex -0.00171916 0.0115247 -0.15
   vertex -0.00161738 0.0115716 0.15
  endloop
 endfacet
 facet normal -0.418821 0.908069 0
  outer loop
   vertex -0.00161738 0.0115716 0.15
   vertex -0.00171916 0.0115247 -0.15
   vertex -0.00171916 0.0115247 0.15
  endloop
 endfacet
 facet normal -0.457936 0.888985 0
  outer loop
   vertex -0.00171916 0.0115247 -0.15
   vertex -0.00181082 0.0114775 -0.15
   vertex -0.00171916 0.0115247 0.15
  endloop
 endfacet
 facet normal -0.457936 0.888985 0
  outer loop
   vertex -0.00171916 0.0115247 0.15
   vertex -0.00181082 0.0114775 -0.15
   vertex -0.00181082 0.0114775 0.15
  endloop
 endfacet
 facet normal -0.495401 0.868664 0
  outer loop
   vertex -0.00181082 0.0114775 -0.15
   vertex -0.00189127 0.0114316 -0.15
   vertex -0.00181082 0.0114775 0.15
  endloop
 endfacet
 facet normal -0.495401 0.868664 0
  outer loop
   vertex -0.00181082 0.0114775 0.15
   vertex -0.00189127 0.0114316 -0.15
   vertex -0.00189127 0.0114316 0.15
  endloop
 endfacet
 facet normal -0.531702 0.846932 0
  outer loop
   vertex -0.00189127 0.0114316 -0.15
   vertex -0.00196711 0.011384 -0.15
   vertex -0.00189127 0.0114316 0.15
  endloop
 endfacet
 facet normal -0.531702 0.846932 0
  outer loop
   vertex -0.00189127 0.0114316 0.15
   vertex -0.00196711 0.011384 -0.15
   vertex -0.00196711 0.011384 0.15
  endloop
 endfacet
 facet normal -0.567404 0.82344 0
  outer loop
   vertex -0.00196711 0.011384 -0.15
   vertex -0.00203678 0.011336 -0.15
   vertex -0.00196711 0.011384 0.15
  endloop
 endfacet
 facet normal -0.567404 0.82344 0
  outer loop
   vertex -0.00196711 0.011384 0.15
   vertex -0.00203678 0.011336 -0.15
   vertex -0.00203678 0.011336 0.15
  endloop
 endfacet
 facet normal -0.601884 0.798584 0
  outer loop
   vertex -0.00203678 0.011336 -0.15
   vertex -0.00210114 0.0112875 -0.15
   vertex -0.00203678 0.011336 0.15
  endloop
 endfacet
 facet normal -0.601884 0.798584 0
  outer loop
   vertex -0.00203678 0.011336 0.15
   vertex -0.00210114 0.0112875 -0.15
   vertex -0.00210114 0.0112875 0.15
  endloop
 endfacet
 facet normal -0.635096 0.772433 0
  outer loop
   vertex -0.00210114 0.0112875 -0.15
   vertex -0.00216093 0.0112383 -0.15
   vertex -0.00210114 0.0112875 0.15
  endloop
 endfacet
 facet normal -0.635096 0.772433 0
  outer loop
   vertex -0.00210114 0.0112875 0.15
   vertex -0.00216093 0.0112383 -0.15
   vertex -0.00216093 0.0112383 0.15
  endloop
 endfacet
 facet normal -0.667008 0.745051 0
  outer loop
   vertex -0.00216093 0.0112383 -0.15
   vertex -0.00221676 0.0111883 -0.15
   vertex -0.00216093 0.0112383 0.15
  endloop
 endfacet
 facet normal -0.667008 0.745051 0
  outer loop
   vertex -0.00216093 0.0112383 0.15
   vertex -0.00221676 0.0111883 -0.15
   vertex -0.00221676 0.0111883 0.15
  endloop
 endfacet
 facet normal -0.697573 0.716514 0
  outer loop
   vertex -0.00221676 0.0111883 -0.15
   vertex -0.00226914 0.0111374 -0.15
   vertex -0.00221676 0.0111883 0.15
  endloop
 endfacet
 facet normal -0.697573 0.716514 0
  outer loop
   vertex -0.00221676 0.0111883 0.15
   vertex -0.00226914 0.0111374 -0.15
   vertex -0.00226914 0.0111374 0.15
  endloop
 endfacet
 facet normal -0.726773 0.686877 0
  outer loop
   vertex -0.00226914 0.0111374 -0.15
   vertex -0.00231848 0.0110851 -0.15
   vertex -0.00226914 0.0111374 0.15
  endloop
 endfacet
 facet normal -0.726773 0.686877 0
  outer loop
   vertex -0.00226914 0.0111374 0.15
   vertex -0.00231848 0.0110851 -0.15
   vertex -0.00231848 0.0110851 0.15
  endloop
 endfacet
 facet normal -0.754587 0.6562 0
  outer loop
   vertex -0.00231848 0.0110851 -0.15
   vertex -0.00236514 0.0110315 -0.15
   vertex -0.00231848 0.0110851 0.15
  endloop
 endfacet
 facet normal -0.754587 0.6562 0
  outer loop
   vertex -0.00231848 0.0110851 0.15
   vertex -0.00236514 0.0110315 -0.15
   vertex -0.00236514 0.0110315 0.15
  endloop
 endfacet
 facet normal -0.780957 0.624584 0
  outer loop
   vertex -0.00236514 0.0110315 -0.15
   vertex -0.00240942 0.0109761 -0.15
   vertex -0.00236514 0.0110315 0.15
  endloop
 endfacet
 facet normal -0.780957 0.624584 0
  outer loop
   vertex -0.00236514 0.0110315 0.15
   vertex -0.00240942 0.0109761 -0.15
   vertex -0.00240942 0.0109761 0.15
  endloop
 endfacet
 facet normal -0.805895 0.592058 0
  outer loop
   vertex -0.00240942 0.0109761 -0.15
   vertex -0.00245157 0.0109187 -0.15
   vertex -0.00240942 0.0109761 0.15
  endloop
 endfacet
 facet normal -0.805895 0.592058 0
  outer loop
   vertex -0.00240942 0.0109761 0.15
   vertex -0.00245157 0.0109187 -0.15
   vertex -0.00245157 0.0109187 0.15
  endloop
 endfacet
 facet normal -0.829348 0.558733 0
  outer loop
   vertex -0.00245157 0.0109187 -0.15
   vertex -0.00249181 0.010859 -0.15
   vertex -0.00245157 0.0109187 0.15
  endloop
 endfacet
 facet normal -0.829348 0.558733 0
  outer loop
   vertex -0.00245157 0.0109187 0.15
   vertex -0.00249181 0.010859 -0.15
   vertex -0.00249181 0.010859 0.15
  endloop
 endfacet
 facet normal -0.851316 0.524653 0
  outer loop
   vertex -0.00249181 0.010859 -0.15
   vertex -0.00253031 0.0107965 -0.15
   vertex -0.00249181 0.010859 0.15
  endloop
 endfacet
 facet normal -0.851316 0.524653 0
  outer loop
   vertex -0.00249181 0.010859 0.15
   vertex -0.00253031 0.0107965 -0.15
   vertex -0.00253031 0.0107965 0.15
  endloop
 endfacet
 facet normal -0.871765 0.489925 0
  outer loop
   vertex -0.00253031 0.0107965 -0.15
   vertex -0.00256723 0.0107309 -0.15
   vertex -0.00253031 0.0107965 0.15
  endloop
 endfacet
 facet normal -0.871765 0.489925 0
  outer loop
   vertex -0.00253031 0.0107965 0.15
   vertex -0.00256723 0.0107309 -0.15
   vertex -0.00256723 0.0107309 0.15
  endloop
 endfacet
 facet normal -0.89069 0.454612 0
  outer loop
   vertex -0.00256723 0.0107309 -0.15
   vertex -0.00260268 0.0106614 -0.15
   vertex -0.00256723 0.0107309 0.15
  endloop
 endfacet
 facet normal -0.89069 0.454612 0
  outer loop
   vertex -0.00256723 0.0107309 0.15
   vertex -0.00260268 0.0106614 -0.15
   vertex -0.00260268 0.0106614 0.15
  endloop
 endfacet
 facet normal -0.908074 0.41881 0
  outer loop
   vertex -0.00260268 0.0106614 -0.15
   vertex -0.00263675 0.0105875 -0.15
   vertex -0.00260268 0.0106614 0.15
  endloop
 endfacet
 facet normal -0.908074 0.41881 0
  outer loop
   vertex -0.00260268 0.0106614 0.15
   vertex -0.00263675 0.0105875 -0.15
   vertex -0.00263675 0.0105875 0.15
  endloop
 endfacet
 facet normal -0.92392 0.382586 0
  outer loop
   vertex -0.00263675 0.0105875 -0.15
   vertex -0.00266952 0.0105084 -0.15
   vertex -0.00263675 0.0105875 0.15
  endloop
 endfacet
 facet normal -0.92392 0.382586 0
  outer loop
   vertex -0.00263675 0.0105875 0.15
   vertex -0.00266952 0.0105084 -0.15
   vertex -0.00266952 0.0105084 0.15
  endloop
 endfacet
 facet normal -0.938556 0.345127 0
  outer loop
   vertex -0.00266952 0.0105084 -0.15
   vertex -0.00270257 0.0104185 -0.15
   vertex -0.00266952 0.0105084 0.15
  endloop
 endfacet
 facet normal -0.938556 0.345127 0
  outer loop
   vertex -0.00266952 0.0105084 0.15
   vertex -0.00270257 0.0104185 -0.15
   vertex -0.00270257 0.0104185 0.15
  endloop
 endfacet
 facet normal -0.951542 0.307518 0
  outer loop
   vertex -0.00270257 0.0104185 -0.15
   vertex -0.00273271 0.0103253 -0.15
   vertex -0.00270257 0.0104185 0.15
  endloop
 endfacet
 facet normal -0.951542 0.307518 0
  outer loop
   vertex -0.00270257 0.0104185 0.15
   vertex -0.00273271 0.0103253 -0.15
   vertex -0.00273271 0.0103253 0.15
  endloop
 endfacet
 facet normal -0.962657 0.270724 0
  outer loop
   vertex -0.00273271 0.0103253 -0.15
   vertex -0.00276159 0.0102225 -0.15
   vertex -0.00273271 0.0103253 0.15
  endloop
 endfacet
 facet normal -0.962657 0.270724 0
  outer loop
   vertex -0.00273271 0.0103253 0.15
   vertex -0.00276159 0.0102225 -0.15
   vertex -0.00276159 0.0102225 0.15
  endloop
 endfacet
 facet normal -0.972246 0.23396 0
  outer loop
   vertex -0.00276159 0.0102225 -0.15
   vertex -0.00278911 0.0101082 -0.15
   vertex -0.00276159 0.0102225 0.15
  endloop
 endfacet
 facet normal -0.972246 0.23396 0
  outer loop
   vertex -0.00276159 0.0102225 0.15
   vertex -0.00278911 0.0101082 -0.15
   vertex -0.00278911 0.0101082 0.15
  endloop
 endfacet
 facet normal -0.980319 0.197421 0
  outer loop
   vertex -0.00278911 0.0101082 -0.15
   vertex -0.00281513 0.009979 -0.15
   vertex -0.00278911 0.0101082 0.15
  endloop
 endfacet
 facet normal -0.980319 0.197421 0
  outer loop
   vertex -0.00278911 0.0101082 0.15
   vertex -0.00281513 0.009979 -0.15
   vertex -0.00281513 0.009979 0.15
  endloop
 endfacet
 facet normal -0.986902 0.161321 0
  outer loop
   vertex -0.00281513 0.009979 -0.15
   vertex -0.00283943 0.0098303 -0.15
   vertex -0.00281513 0.009979 0.15
  endloop
 endfacet
 facet normal -0.986902 0.161321 0
  outer loop
   vertex -0.00281513 0.009979 0.15
   vertex -0.00283943 0.0098303 -0.15
   vertex -0.00283943 0.0098303 0.15
  endloop
 endfacet
 facet normal -0.992033 0.125982 0
  outer loop
   vertex -0.00283943 0.0098303 -0.15
   vertex -0.00286172 0.00965482 -0.15
   vertex -0.00283943 0.0098303 0.15
  endloop
 endfacet
 facet normal -0.992033 0.125982 0
  outer loop
   vertex -0.00283943 0.0098303 0.15
   vertex -0.00286172 0.00965482 -0.15
   vertex -0.00286172 0.00965482 0.15
  endloop
 endfacet
 facet normal -0.996119 0.0880221 0
  outer loop
   vertex -0.00286172 0.00965482 -0.15
   vertex -0.00288547 0.00938606 -0.15
   vertex -0.00286172 0.00965482 0.15
  endloop
 endfacet
 facet normal -0.996119 0.0880221 0
  outer loop
   vertex -0.00286172 0.00965482 0.15
   vertex -0.00288547 0.00938606 -0.15
   vertex -0.00288547 0.00938606 0.15
  endloop
 endfacet
 facet normal -0.998837 0.0482152 0
  outer loop
   vertex -0.00288547 0.00938606 -0.15
   vertex -0.00290592 0.00896237 -0.15
   vertex -0.00288547 0.00938606 0.15
  endloop
 endfacet
 facet normal -0.998837 0.0482152 0
  outer loop
   vertex -0.00288547 0.00938606 0.15
   vertex -0.00290592 0.00896237 -0.15
   vertex -0.00290592 0.00896237 0.15
  endloop
 endfacet
 facet normal -0.999891 0.0147476 0
  outer loop
   vertex -0.00290592 0.00896237 -0.15
   vertex -0.00293701 0.00685469 -0.15
   vertex -0.00290592 0.00896237 0.15
  endloop
 endfacet
 facet normal -0.999891 0.0147476 0
  outer loop
   vertex -0.00290592 0.00896237 0.15
   vertex -0.00293701 0.00685469 -0.15
   vertex -0.00293701 0.00685469 0.15
  endloop
 endfacet
 facet normal -0.999974 -0.00726178 0
  outer loop
   vertex -0.00293701 0.00685469 -0.15
   vertex -0.00289644 0.0012691 -0.15
   vertex -0.00293701 0.00685469 0.15
  endloop
 endfacet
 facet normal -0.999974 -0.00726178 0
  outer loop
   vertex -0.00293701 0.00685469 0.15
   vertex -0.00289644 0.0012691 -0.15
   vertex -0.00289644 0.0012691 0.15
  endloop
 endfacet
 facet normal -0.999452 -0.0331096 0
  outer loop
   vertex -0.00289644 0.0012691 -0.15
   vertex -0.0028544 6.06471e-19 -0.15
   vertex -0.00289644 0.0012691 0.15
  endloop
 endfacet
 facet normal -0.999452 -0.0331096 0
  outer loop
   vertex -0.00289644 0.0012691 0.15
   vertex -0.0028544 6.06471e-19 -0.15
   vertex -0.0028544 6.06471e-19 0.15
  endloop
 endfacet
 facet normal 0.966836 0.2554 0
  outer loop
   vertex 0.0119 0 0.15
   vertex 0.0119 0 -0.15
   vertex 0.0118517 0.00018268 -0.15
  endloop
 endfacet
 facet normal 0.966836 0.2554 0
  outer loop
   vertex 0.0119 0 0.15
   vertex 0.0118517 0.00018268 -0.15
   vertex 0.0118517 0.00018268 0.15
  endloop
 endfacet
 facet normal 0.959089 0.283105 -0
  outer loop
   vertex 0.0118517 0.00018268 -0.15
   vertex 0.0117297 0.000596291 -0.15
   vertex 0.0118517 0.00018268 0.15
  endloop
 endfacet
 facet normal 0.959089 0.283105 0
  outer loop
   vertex 0.0118517 0.00018268 0.15
   vertex 0.0117297 0.000596291 -0.15
   vertex 0.0117297 0.000596291 0.15
  endloop
 endfacet
 facet normal 0.947278 0.320413 -0
  outer loop
   vertex 0.0117297 0.000596291 -0.15
   vertex 0.0115811 0.0010355 -0.15
   vertex 0.0117297 0.000596291 0.15
  endloop
 endfacet
 facet normal 0.947278 0.320413 0
  outer loop
   vertex 0.0117297 0.000596291 0.15
   vertex 0.0115811 0.0010355 -0.15
   vertex 0.0115811 0.0010355 0.15
  endloop
 endfacet
 facet normal 0.934023 0.357213 -0
  outer loop
   vertex 0.0115811 0.0010355 -0.15
   vertex 0.0114026 0.00150227 -0.15
   vertex 0.0115811 0.0010355 0.15
  endloop
 endfacet
 facet normal 0.934023 0.357213 0
  outer loop
   vertex 0.0115811 0.0010355 0.15
   vertex 0.0114026 0.00150227 -0.15
   vertex 0.0114026 0.00150227 0.15
  endloop
 endfacet
 facet normal 0.919339 0.393466 -0
  outer loop
   vertex 0.0114026 0.00150227 -0.15
   vertex 0.0111902 0.0019984 -0.15
   vertex 0.0114026 0.00150227 0.15
  endloop
 endfacet
 facet normal 0.919339 0.393466 0
  outer loop
   vertex 0.0114026 0.00150227 0.15
   vertex 0.0111902 0.0019984 -0.15
   vertex 0.0111902 0.0019984 0.15
  endloop
 endfacet
 facet normal 0.903256 0.429103 -0
  outer loop
   vertex 0.0111902 0.0019984 -0.15
   vertex 0.0109399 0.00252532 -0.15
   vertex 0.0111902 0.0019984 0.15
  endloop
 endfacet
 facet normal 0.903256 0.429103 0
  outer loop
   vertex 0.0111902 0.0019984 0.15
   vertex 0.0109399 0.00252532 -0.15
   vertex 0.0109399 0.00252532 0.15
  endloop
 endfacet
 facet normal 0.885792 0.464082 -0
  outer loop
   vertex 0.0109399 0.00252532 -0.15
   vertex 0.0106473 0.00308382 -0.15
   vertex 0.0109399 0.00252532 0.15
  endloop
 endfacet
 facet normal 0.885792 0.464082 0
  outer loop
   vertex 0.0109399 0.00252532 0.15
   vertex 0.0106473 0.00308382 -0.15
   vertex 0.0106473 0.00308382 0.15
  endloop
 endfacet
 facet normal 0.866976 0.49835 -0
  outer loop
   vertex 0.0106473 0.00308382 -0.15
   vertex 0.0103083 0.00367365 -0.15
   vertex 0.0106473 0.00308382 0.15
  endloop
 endfacet
 facet normal 0.866976 0.49835 0
  outer loop
   vertex 0.0106473 0.00308382 0.15
   vertex 0.0103083 0.00367365 -0.15
   vertex 0.0103083 0.00367365 0.15
  endloop
 endfacet
 facet normal 0.846834 0.531857 -0
  outer loop
   vertex 0.0103083 0.00367365 -0.15
   vertex 0.00991922 0.0042931 -0.15
   vertex 0.0103083 0.00367365 0.15
  endloop
 endfacet
 facet normal 0.846834 0.531857 0
  outer loop
   vertex 0.0103083 0.00367365 0.15
   vertex 0.00991922 0.0042931 -0.15
   vertex 0.00991922 0.0042931 0.15
  endloop
 endfacet
 facet normal 0.825394 0.564557 -0
  outer loop
   vertex 0.00991922 0.0042931 -0.15
   vertex 0.00947791 0.00493831 -0.15
   vertex 0.00991922 0.0042931 0.15
  endloop
 endfacet
 facet normal 0.825394 0.564557 0
  outer loop
   vertex 0.00991922 0.0042931 0.15
   vertex 0.00947791 0.00493831 -0.15
   vertex 0.00947791 0.00493831 0.15
  endloop
 endfacet
 facet normal 0.801401 0.598127 -0
  outer loop
   vertex 0.00947791 0.00493831 -0.15
   vertex 0.00892773 0.00567547 -0.15
   vertex 0.00947791 0.00493831 0.15
  endloop
 endfacet
 facet normal 0.801401 0.598127 0
  outer loop
   vertex 0.00947791 0.00493831 0.15
   vertex 0.00892773 0.00567547 -0.15
   vertex 0.00892773 0.00567547 0.15
  endloop
 endfacet
 facet normal 0.774946 0.632028 -0
  outer loop
   vertex 0.00892773 0.00567547 -0.15
   vertex 0.00832716 0.00641184 -0.15
   vertex 0.00892773 0.00567547 0.15
  endloop
 endfacet
 facet normal 0.774946 0.632028 0
  outer loop
   vertex 0.00892773 0.00567547 0.15
   vertex 0.00832716 0.00641184 -0.15
   vertex 0.00832716 0.00641184 0.15
  endloop
 endfacet
 facet normal 0.747517 0.664243 -0
  outer loop
   vertex 0.00832716 0.00641184 -0.15
   vertex 0.00768951 0.00712943 -0.15
   vertex 0.00832716 0.00641184 0.15
  endloop
 endfacet
 facet normal 0.747517 0.664243 0
  outer loop
   vertex 0.00832716 0.00641184 0.15
   vertex 0.00768951 0.00712943 -0.15
   vertex 0.00768951 0.00712943 0.15
  endloop
 endfacet
 facet normal 0.719228 0.694774 -0
  outer loop
   vertex 0.00768951 0.00712943 -0.15
   vertex 0.00702963 0.00781254 -0.15
   vertex 0.00768951 0.00712943 0.15
  endloop
 endfacet
 facet normal 0.719228 0.694774 0
  outer loop
   vertex 0.00768951 0.00712943 0.15
   vertex 0.00702963 0.00781254 -0.15
   vertex 0.00702963 0.00781254 0.15
  endloop
 endfacet
 facet normal 0.697113 0.716961 -0
  outer loop
   vertex 0.00702963 0.00781254 -0.15
   vertex 0.00668394 0.00814866 -0.15
   vertex 0.00702963 0.00781254 0.15
  endloop
 endfacet
 facet normal 0.697113 0.716961 0
  outer loop
   vertex 0.00702963 0.00781254 0.15
   vertex 0.00668394 0.00814866 -0.15
   vertex 0.00668394 0.00814866 0.15
  endloop
 endfacet
 facet normal 0.674862 0.737944 -0
  outer loop
   vertex 0.00668394 0.00814866 -0.15
   vertex 0.00602996 0.00874673 -0.15
   vertex 0.00668394 0.00814866 0.15
  endloop
 endfacet
 facet normal 0.674862 0.737944 0
  outer loop
   vertex 0.00668394 0.00814866 0.15
   vertex 0.00602996 0.00874673 -0.15
   vertex 0.00602996 0.00874673 0.15
  endloop
 endfacet
 facet normal 0.644986 0.764195 -0
  outer loop
   vertex 0.00602996 0.00874673 -0.15
   vertex 0.00539845 0.00927973 -0.15
   vertex 0.00602996 0.00874673 0.15
  endloop
 endfacet
 facet normal 0.644986 0.764195 0
  outer loop
   vertex 0.00602996 0.00874673 0.15
   vertex 0.00539845 0.00927973 -0.15
   vertex 0.00539845 0.00927973 0.15
  endloop
 endfacet
 facet normal 0.614525 0.788897 -0
  outer loop
   vertex 0.00539845 0.00927973 -0.15
   vertex 0.00480088 0.00974522 -0.15
   vertex 0.00539845 0.00927973 0.15
  endloop
 endfacet
 facet normal 0.614525 0.788897 0
  outer loop
   vertex 0.00539845 0.00927973 0.15
   vertex 0.00480088 0.00974522 -0.15
   vertex 0.00480088 0.00974522 0.15
  endloop
 endfacet
 facet normal 0.583472 0.812133 -0
  outer loop
   vertex 0.00480088 0.00974522 -0.15
   vertex 0.00424451 0.0101449 -0.15
   vertex 0.00480088 0.00974522 0.15
  endloop
 endfacet
 facet normal 0.583472 0.812133 0
  outer loop
   vertex 0.00480088 0.00974522 0.15
   vertex 0.00424451 0.0101449 -0.15
   vertex 0.00424451 0.0101449 0.15
  endloop
 endfacet
 facet normal 0.551813 0.833968 -0
  outer loop
   vertex 0.00424451 0.0101449 -0.15
   vertex 0.00373278 0.0104835 -0.15
   vertex 0.00424451 0.0101449 0.15
  endloop
 endfacet
 facet normal 0.551813 0.833968 0
  outer loop
   vertex 0.00424451 0.0101449 0.15
   vertex 0.00373278 0.0104835 -0.15
   vertex 0.00373278 0.0104835 0.15
  endloop
 endfacet
 facet normal 0.519523 0.854456 -0
  outer loop
   vertex 0.00373278 0.0104835 -0.15
   vertex 0.00326619 0.0107672 -0.15
   vertex 0.00373278 0.0104835 0.15
  endloop
 endfacet
 facet normal 0.519523 0.854456 0
  outer loop
   vertex 0.00373278 0.0104835 0.15
   vertex 0.00326619 0.0107672 -0.15
   vertex 0.00326619 0.0107672 0.15
  endloop
 endfacet
 facet normal 0.486586 0.873632 -0
  outer loop
   vertex 0.00326619 0.0107672 -0.15
   vertex 0.00284315 0.0110029 -0.15
   vertex 0.00326619 0.0107672 0.15
  endloop
 endfacet
 facet normal 0.486586 0.873632 0
  outer loop
   vertex 0.00326619 0.0107672 0.15
   vertex 0.00284315 0.0110029 -0.15
   vertex 0.00284315 0.0110029 0.15
  endloop
 endfacet
 facet normal 0.453004 0.891508 -0
  outer loop
   vertex 0.00284315 0.0110029 -0.15
   vertex 0.00246087 0.0111971 -0.15
   vertex 0.00284315 0.0110029 0.15
  endloop
 endfacet
 facet normal 0.453004 0.891508 0
  outer loop
   vertex 0.00284315 0.0110029 0.15
   vertex 0.00246087 0.0111971 -0.15
   vertex 0.00246087 0.0111971 0.15
  endloop
 endfacet
 facet normal 0.418764 0.908095 -0
  outer loop
   vertex 0.00246087 0.0111971 -0.15
   vertex 0.00211589 0.0113562 -0.15
   vertex 0.00246087 0.0111971 0.15
  endloop
 endfacet
 facet normal 0.418764 0.908095 0
  outer loop
   vertex 0.00246087 0.0111971 0.15
   vertex 0.00211589 0.0113562 -0.15
   vertex 0.00211589 0.0113562 0.15
  endloop
 endfacet
 facet normal 0.383894 0.923377 -0
  outer loop
   vertex 0.00211589 0.0113562 -0.15
   vertex 0.00180455 0.0114856 -0.15
   vertex 0.00211589 0.0113562 0.15
  endloop
 endfacet
 facet normal 0.383894 0.923377 0
  outer loop
   vertex 0.00211589 0.0113562 0.15
   vertex 0.00180455 0.0114856 -0.15
   vertex 0.00180455 0.0114856 0.15
  endloop
 endfacet
 facet normal 0.348398 0.937347 -0
  outer loop
   vertex 0.00180455 0.0114856 -0.15
   vertex 0.00152326 0.0115902 -0.15
   vertex 0.00180455 0.0114856 0.15
  endloop
 endfacet
 facet normal 0.348398 0.937347 0
  outer loop
   vertex 0.00180455 0.0114856 0.15
   vertex 0.00152326 0.0115902 -0.15
   vertex 0.00152326 0.0115902 0.15
  endloop
 endfacet
 facet normal 0.312308 0.949981 -0
  outer loop
   vertex 0.00152326 0.0115902 -0.15
   vertex 0.00126861 0.0116739 -0.15
   vertex 0.00152326 0.0115902 0.15
  endloop
 endfacet
 facet normal 0.312308 0.949981 0
  outer loop
   vertex 0.00152326 0.0115902 0.15
   vertex 0.00126861 0.0116739 -0.15
   vertex 0.00126861 0.0116739 0.15
  endloop
 endfacet
 facet normal 0.275664 0.961254 -0
  outer loop
   vertex 0.00126861 0.0116739 -0.15
   vertex 0.0010375 0.0117402 -0.15
   vertex 0.00126861 0.0116739 0.15
  endloop
 endfacet
 facet normal 0.275664 0.961254 0
  outer loop
   vertex 0.00126861 0.0116739 0.15
   vertex 0.0010375 0.0117402 -0.15
   vertex 0.0010375 0.0117402 0.15
  endloop
 endfacet
 facet normal 0.238499 0.971143 -0
  outer loop
   vertex 0.0010375 0.0117402 -0.15
   vertex 0.000827162 0.0117918 -0.15
   vertex 0.0010375 0.0117402 0.15
  endloop
 endfacet
 facet normal 0.238499 0.971143 0
  outer loop
   vertex 0.0010375 0.0117402 0.15
   vertex 0.000827162 0.0117918 -0.15
   vertex 0.000827162 0.0117918 0.15
  endloop
 endfacet
 facet normal 0.200858 0.97962 -0
  outer loop
   vertex 0.000827162 0.0117918 -0.15
   vertex 0.000635112 0.0118312 -0.15
   vertex 0.000827162 0.0117918 0.15
  endloop
 endfacet
 facet normal 0.200858 0.97962 0
  outer loop
   vertex 0.000827162 0.0117918 0.15
   vertex 0.000635112 0.0118312 -0.15
   vertex 0.000635112 0.0118312 0.15
  endloop
 endfacet
 facet normal 0.162784 0.986662 -0
  outer loop
   vertex 0.000635112 0.0118312 -0.15
   vertex 0.00045918 0.0118602 -0.15
   vertex 0.000635112 0.0118312 0.15
  endloop
 endfacet
 facet normal 0.162784 0.986662 0
  outer loop
   vertex 0.000635112 0.0118312 0.15
   vertex 0.00045918 0.0118602 -0.15
   vertex 0.00045918 0.0118602 0.15
  endloop
 endfacet
 facet normal 0.124339 0.99224 -0
  outer loop
   vertex 0.00045918 0.0118602 -0.15
   vertex 0.000297452 0.0118805 -0.15
   vertex 0.00045918 0.0118602 0.15
  endloop
 endfacet
 facet normal 0.124339 0.99224 0
  outer loop
   vertex 0.00045918 0.0118602 0.15
   vertex 0.000297452 0.0118805 -0.15
   vertex 0.000297452 0.0118805 0.15
  endloop
 endfacet
 facet normal 0.085622 0.996328 -0
  outer loop
   vertex 0.000297452 0.0118805 -0.15
   vertex 0.000148592 0.0118933 -0.15
   vertex 0.000297452 0.0118805 0.15
  endloop
 endfacet
 facet normal 0.085622 0.996328 0
  outer loop
   vertex 0.000297452 0.0118805 0.15
   vertex 0.000148592 0.0118933 -0.15
   vertex 0.000148592 0.0118933 0.15
  endloop
 endfacet
 facet normal 0.0451115 0.998982 -0
  outer loop
   vertex 0.000148592 0.0118933 -0.15
   vertex 2.91466e-18 0.0119 -0.15
   vertex 0.000148592 0.0118933 0.15
  endloop
 endfacet
 facet normal 0.0451115 0.998982 0
  outer loop
   vertex 0.000148592 0.0118933 0.15
   vertex 2.91466e-18 0.0119 -0.15
   vertex 2.91466e-18 0.0119 0.15
  endloop
 endfacet
 facet normal -0.999452 0.0331096 0
  outer loop
   vertex -0.0028544 6.06471e-19 0.15
   vertex -0.0028544 6.06471e-19 -0.15
   vertex -0.00289644 -0.0012691 -0.15
  endloop
 endfacet
 facet normal -0.999452 0.0331096 0
  outer loop
   vertex -0.0028544 6.06471e-19 0.15
   vertex -0.00289644 -0.0012691 -0.15
   vertex -0.00289644 -0.0012691 0.15
  endloop
 endfacet
 facet normal -0.999974 0.00726178 0
  outer loop
   vertex -0.00289644 -0.0012691 -0.15
   vertex -0.00293701 -0.00685469 -0.15
   vertex -0.00289644 -0.0012691 0.15
  endloop
 endfacet
 facet normal -0.999974 0.00726178 0
  outer loop
   vertex -0.00289644 -0.0012691 0.15
   vertex -0.00293701 -0.00685469 -0.15
   vertex -0.00293701 -0.00685469 0.15
  endloop
 endfacet
 facet normal -0.999891 -0.0147476 0
  outer loop
   vertex -0.00293701 -0.00685469 -0.15
   vertex -0.00290592 -0.00896237 -0.15
   vertex -0.00293701 -0.00685469 0.15
  endloop
 endfacet
 facet normal -0.999891 -0.0147476 0
  outer loop
   vertex -0.00293701 -0.00685469 0.15
   vertex -0.00290592 -0.00896237 -0.15
   vertex -0.00290592 -0.00896237 0.15
  endloop
 endfacet
 facet normal -0.998837 -0.0482152 0
  outer loop
   vertex -0.00290592 -0.00896237 -0.15
   vertex -0.00288547 -0.00938606 -0.15
   vertex -0.00290592 -0.00896237 0.15
  endloop
 endfacet
 facet normal -0.998837 -0.0482152 0
  outer loop
   vertex -0.00290592 -0.00896237 0.15
   vertex -0.00288547 -0.00938606 -0.15
   vertex -0.00288547 -0.00938606 0.15
  endloop
 endfacet
 facet normal -0.996119 -0.0880221 0
  outer loop
   vertex -0.00288547 -0.00938606 -0.15
   vertex -0.00286172 -0.00965482 -0.15
   vertex -0.00288547 -0.00938606 0.15
  endloop
 endfacet
 facet normal -0.996119 -0.0880221 0
  outer loop
   vertex -0.00288547 -0.00938606 0.15
   vertex -0.00286172 -0.00965482 -0.15
   vertex -0.00286172 -0.00965482 0.15
  endloop
 endfacet
 facet normal -0.992033 -0.125982 0
  outer loop
   vertex -0.00286172 -0.00965482 -0.15
   vertex -0.00283943 -0.0098303 -0.15
   vertex -0.00286172 -0.00965482 0.15
  endloop
 endfacet
 facet normal -0.992033 -0.125982 0
  outer loop
   vertex -0.00286172 -0.00965482 0.15
   vertex -0.00283943 -0.0098303 -0.15
   vertex -0.00283943 -0.0098303 0.15
  endloop
 endfacet
 facet normal -0.986902 -0.161321 0
  outer loop
   vertex -0.00283943 -0.0098303 -0.15
   vertex -0.00281513 -0.009979 -0.15
   vertex -0.00283943 -0.0098303 0.15
  endloop
 endfacet
 facet normal -0.986902 -0.161321 0
  outer loop
   vertex -0.00283943 -0.0098303 0.15
   vertex -0.00281513 -0.009979 -0.15
   vertex -0.00281513 -0.009979 0.15
  endloop
 endfacet
 facet normal -0.980319 -0.197421 0
  outer loop
   vertex -0.00281513 -0.009979 -0.15
   vertex -0.00278911 -0.0101082 -0.15
   vertex -0.00281513 -0.009979 0.15
  endloop
 endfacet
 facet normal -0.980319 -0.197421 0
  outer loop
   vertex -0.00281513 -0.009979 0.15
   vertex -0.00278911 -0.0101082 -0.15
   vertex -0.00278911 -0.0101082 0.15
  endloop
 endfacet
 facet normal -0.972246 -0.23396 0
  outer loop
   vertex -0.00278911 -0.0101082 -0.15
   vertex -0.00276159 -0.0102225 -0.15
   vertex -0.00278911 -0.0101082 0.15
  endloop
 endfacet
 facet normal -0.972246 -0.23396 0
  outer loop
   vertex -0.00278911 -0.0101082 0.15
   vertex -0.00276159 -0.0102225 -0.15
   vertex -0.00276159 -0.0102225 0.15
  endloop
 endfacet
 facet normal -0.962657 -0.270724 0
  outer loop
   vertex -0.00276159 -0.0102225 -0.15
   vertex -0.00273271 -0.0103253 -0.15
   vertex -0.00276159 -0.0102225 0.15
  endloop
 endfacet
 facet normal -0.962657 -0.270724 0
  outer loop
   vertex -0.00276159 -0.0102225 0.15
   vertex -0.00273271 -0.0103253 -0.15
   vertex -0.00273271 -0.0103253 0.15
  endloop
 endfacet
 facet normal -0.951542 -0.307518 0
  outer loop
   vertex -0.00273271 -0.0103253 -0.15
   vertex -0.00270257 -0.0104185 -0.15
   vertex -0.00273271 -0.0103253 0.15
  endloop
 endfacet
 facet normal -0.951542 -0.307518 0
  outer loop
   vertex -0.00273271 -0.0103253 0.15
   vertex -0.00270257 -0.0104185 -0.15
   vertex -0.00270257 -0.0104185 0.15
  endloop
 endfacet
 facet normal -0.938556 -0.345127 0
  outer loop
   vertex -0.00270257 -0.0104185 -0.15
   vertex -0.00266952 -0.0105084 -0.15
   vertex -0.00270257 -0.0104185 0.15
  endloop
 endfacet
 facet normal -0.938556 -0.345127 0
  outer loop
   vertex -0.00270257 -0.0104185 0.15
   vertex -0.00266952 -0.0105084 -0.15
   vertex -0.00266952 -0.0105084 0.15
  endloop
 endfacet
 facet normal -0.92392 -0.382586 0
  outer loop
   vertex -0.00266952 -0.0105084 -0.15
   vertex -0.00263675 -0.0105875 -0.15
   vertex -0.00266952 -0.0105084 0.15
  endloop
 endfacet
 facet normal -0.92392 -0.382586 0
  outer loop
   vertex -0.00266952 -0.0105084 0.15
   vertex -0.00263675 -0.0105875 -0.15
   vertex -0.00263675 -0.0105875 0.15
  endloop
 endfacet
 facet normal -0.908074 -0.41881 0
  outer loop
   vertex -0.00263675 -0.0105875 -0.15
   vertex -0.00260268 -0.0106614 -0.15
   vertex -0.00263675 -0.0105875 0.15
  endloop
 endfacet
 facet normal -0.908074 -0.41881 0
  outer loop
   vertex -0.00263675 -0.0105875 0.15
   vertex -0.00260268 -0.0106614 -0.15
   vertex -0.00260268 -0.0106614 0.15
  endloop
 endfacet
 facet normal -0.89069 -0.454612 0
  outer loop
   vertex -0.00260268 -0.0106614 -0.15
   vertex -0.00256723 -0.0107309 -0.15
   vertex -0.00260268 -0.0106614 0.15
  endloop
 endfacet
 facet normal -0.89069 -0.454612 0
  outer loop
   vertex -0.00260268 -0.0106614 0.15
   vertex -0.00256723 -0.0107309 -0.15
   vertex -0.00256723 -0.0107309 0.15
  endloop
 endfacet
 facet normal -0.871765 -0.489925 0
  outer loop
   vertex -0.00256723 -0.0107309 -0.15
   vertex -0.00253031 -0.0107965 -0.15
   vertex -0.00256723 -0.0107309 0.15
  endloop
 endfacet
 facet normal -0.871765 -0.489925 0
  outer loop
   vertex -0.00256723 -0.0107309 0.15
   vertex -0.00253031 -0.0107965 -0.15
   vertex -0.00253031 -0.0107965 0.15
  endloop
 endfacet
 facet normal -0.851316 -0.524653 0
  outer loop
   vertex -0.00253031 -0.0107965 -0.15
   vertex -0.00249181 -0.010859 -0.15
   vertex -0.00253031 -0.0107965 0.15
  endloop
 endfacet
 facet normal -0.851316 -0.524653 0
  outer loop
   vertex -0.00253031 -0.0107965 0.15
   vertex -0.00249181 -0.010859 -0.15
   vertex -0.00249181 -0.010859 0.15
  endloop
 endfacet
 facet normal -0.829348 -0.558733 0
  outer loop
   vertex -0.00249181 -0.010859 -0.15
   vertex -0.00245157 -0.0109187 -0.15
   vertex -0.00249181 -0.010859 0.15
  endloop
 endfacet
 facet normal -0.829348 -0.558733 0
  outer loop
   vertex -0.00249181 -0.010859 0.15
   vertex -0.00245157 -0.0109187 -0.15
   vertex -0.00245157 -0.0109187 0.15
  endloop
 endfacet
 facet normal -0.805895 -0.592058 0
  outer loop
   vertex -0.00245157 -0.0109187 -0.15
   vertex -0.00240942 -0.0109761 -0.15
   vertex -0.00245157 -0.0109187 0.15
  endloop
 endfacet
 facet normal -0.805895 -0.592058 0
  outer loop
   vertex -0.00245157 -0.0109187 0.15
   vertex -0.00240942 -0.0109761 -0.15
   vertex -0.00240942 -0.0109761 0.15
  endloop
 endfacet
 facet normal -0.780957 -0.624584 0
  outer loop
   vertex -0.00240942 -0.0109761 -0.15
   vertex -0.00236514 -0.0110315 -0.15
   vertex -0.00240942 -0.0109761 0.15
  endloop
 endfacet
 facet normal -0.780957 -0.624584 0
  outer loop
   vertex -0.00240942 -0.0109761 0.15
   vertex -0.00236514 -0.0110315 -0.15
   vertex -0.00236514 -0.0110315 0.15
  endloop
 endfacet
 facet normal -0.754587 -0.6562 0
  outer loop
   vertex -0.00236514 -0.0110315 -0.15
   vertex -0.00231848 -0.0110851 -0.15
   vertex -0.00236514 -0.0110315 0.15
  endloop
 endfacet
 facet normal -0.754587 -0.6562 0
  outer loop
   vertex -0.00236514 -0.0110315 0.15
   vertex -0.00231848 -0.0110851 -0.15
   vertex -0.00231848 -0.0110851 0.15
  endloop
 endfacet
 facet normal -0.726773 -0.686877 0
  outer loop
   vertex -0.00231848 -0.0110851 -0.15
   vertex -0.00226914 -0.0111374 -0.15
   vertex -0.00231848 -0.0110851 0.15
  endloop
 endfacet
 facet normal -0.726773 -0.686877 0
  outer loop
   vertex -0.00231848 -0.0110851 0.15
   vertex -0.00226914 -0.0111374 -0.15
   vertex -0.00226914 -0.0111374 0.15
  endloop
 endfacet
 facet normal -0.697573 -0.716514 0
  outer loop
   vertex -0.00226914 -0.0111374 -0.15
   vertex -0.00221676 -0.0111883 -0.15
   vertex -0.00226914 -0.0111374 0.15
  endloop
 endfacet
 facet normal -0.697573 -0.716514 0
  outer loop
   vertex -0.00226914 -0.0111374 0.15
   vertex -0.00221676 -0.0111883 -0.15
   vertex -0.00221676 -0.0111883 0.15
  endloop
 endfacet
 facet normal -0.667008 -0.745051 0
  outer loop
   vertex -0.00221676 -0.0111883 -0.15
   vertex -0.00216093 -0.0112383 -0.15
   vertex -0.00221676 -0.0111883 0.15
  endloop
 endfacet
 facet normal -0.667008 -0.745051 0
  outer loop
   vertex -0.00221676 -0.0111883 0.15
   vertex -0.00216093 -0.0112383 -0.15
   vertex -0.00216093 -0.0112383 0.15
  endloop
 endfacet
 facet normal -0.635096 -0.772433 0
  outer loop
   vertex -0.00216093 -0.0112383 -0.15
   vertex -0.00210114 -0.0112875 -0.15
   vertex -0.00216093 -0.0112383 0.15
  endloop
 endfacet
 facet normal -0.635096 -0.772433 0
  outer loop
   vertex -0.00216093 -0.0112383 0.15
   vertex -0.00210114 -0.0112875 -0.15
   vertex -0.00210114 -0.0112875 0.15
  endloop
 endfacet
 facet normal -0.601884 -0.798584 0
  outer loop
   vertex -0.00210114 -0.0112875 -0.15
   vertex -0.00203678 -0.011336 -0.15
   vertex -0.00210114 -0.0112875 0.15
  endloop
 endfacet
 facet normal -0.601884 -0.798584 0
  outer loop
   vertex -0.00210114 -0.0112875 0.15
   vertex -0.00203678 -0.011336 -0.15
   vertex -0.00203678 -0.011336 0.15
  endloop
 endfacet
 facet normal -0.567404 -0.82344 0
  outer loop
   vertex -0.00203678 -0.011336 -0.15
   vertex -0.00196711 -0.011384 -0.15
   vertex -0.00203678 -0.011336 0.15
  endloop
 endfacet
 facet normal -0.567404 -0.82344 0
  outer loop
   vertex -0.00203678 -0.011336 0.15
   vertex -0.00196711 -0.011384 -0.15
   vertex -0.00196711 -0.011384 0.15
  endloop
 endfacet
 facet normal -0.531702 -0.846932 0
  outer loop
   vertex -0.00196711 -0.011384 -0.15
   vertex -0.00189127 -0.0114316 -0.15
   vertex -0.00196711 -0.011384 0.15
  endloop
 endfacet
 facet normal -0.531702 -0.846932 0
  outer loop
   vertex -0.00196711 -0.011384 0.15
   vertex -0.00189127 -0.0114316 -0.15
   vertex -0.00189127 -0.0114316 0.15
  endloop
 endfacet
 facet normal -0.495401 -0.868664 0
  outer loop
   vertex -0.00189127 -0.0114316 -0.15
   vertex -0.00181082 -0.0114775 -0.15
   vertex -0.00189127 -0.0114316 0.15
  endloop
 endfacet
 facet normal -0.495401 -0.868664 0
  outer loop
   vertex -0.00189127 -0.0114316 0.15
   vertex -0.00181082 -0.0114775 -0.15
   vertex -0.00181082 -0.0114775 0.15
  endloop
 endfacet
 facet normal -0.457936 -0.888985 0
  outer loop
   vertex -0.00181082 -0.0114775 -0.15
   vertex -0.00171916 -0.0115247 -0.15
   vertex -0.00181082 -0.0114775 0.15
  endloop
 endfacet
 facet normal -0.457936 -0.888985 0
  outer loop
   vertex -0.00181082 -0.0114775 0.15
   vertex -0.00171916 -0.0115247 -0.15
   vertex -0.00171916 -0.0115247 0.15
  endloop
 endfacet
 facet normal -0.418821 -0.908069 0
  outer loop
   vertex -0.00171916 -0.0115247 -0.15
   vertex -0.00161738 -0.0115716 -0.15
   vertex -0.00171916 -0.0115247 0.15
  endloop
 endfacet
 facet normal -0.418821 -0.908069 0
  outer loop
   vertex -0.00171916 -0.0115247 0.15
   vertex -0.00161738 -0.0115716 -0.15
   vertex -0.00161738 -0.0115716 0.15
  endloop
 endfacet
 facet normal -0.380942 -0.924599 0
  outer loop
   vertex -0.00161738 -0.0115716 -0.15
   vertex -0.00151599 -0.0116134 -0.15
   vertex -0.00161738 -0.0115716 0.15
  endloop
 endfacet
 facet normal -0.380942 -0.924599 0
  outer loop
   vertex -0.00161738 -0.0115716 0.15
   vertex -0.00151599 -0.0116134 -0.15
   vertex -0.00151599 -0.0116134 0.15
  endloop
 endfacet
 facet normal -0.34443 -0.938812 0
  outer loop
   vertex -0.00151599 -0.0116134 -0.15
   vertex -0.0014034 -0.0116547 -0.15
   vertex -0.00151599 -0.0116134 0.15
  endloop
 endfacet
 facet normal -0.34443 -0.938812 0
  outer loop
   vertex -0.00151599 -0.0116134 0.15
   vertex -0.0014034 -0.0116547 -0.15
   vertex -0.0014034 -0.0116547 0.15
  endloop
 endfacet
 facet normal -0.307422 -0.951573 0
  outer loop
   vertex -0.0014034 -0.0116547 -0.15
   vertex -0.00127742 -0.0116954 -0.15
   vertex -0.0014034 -0.0116547 0.15
  endloop
 endfacet
 facet normal -0.307422 -0.951573 0
  outer loop
   vertex -0.0014034 -0.0116547 0.15
   vertex -0.00127742 -0.0116954 -0.15
   vertex -0.00127742 -0.0116954 0.15
  endloop
 endfacet
 facet normal -0.269967 -0.962869 0
  outer loop
   vertex -0.00127742 -0.0116954 -0.15
   vertex -0.00113521 -0.0117353 -0.15
   vertex -0.00127742 -0.0116954 0.15
  endloop
 endfacet
 facet normal -0.269967 -0.962869 0
  outer loop
   vertex -0.00127742 -0.0116954 0.15
   vertex -0.00113521 -0.0117353 -0.15
   vertex -0.00113521 -0.0117353 0.15
  endloop
 endfacet
 facet normal -0.232131 -0.972685 0
  outer loop
   vertex -0.00113521 -0.0117353 -0.15
   vertex -0.000973114 -0.011774 -0.15
   vertex -0.00113521 -0.0117353 0.15
  endloop
 endfacet
 facet normal -0.232131 -0.972685 0
  outer loop
   vertex -0.00113521 -0.0117353 0.15
   vertex -0.000973114 -0.011774 -0.15
   vertex -0.000973114 -0.011774 0.15
  endloop
 endfacet
 facet normal -0.193976 -0.981006 0
  outer loop
   vertex -0.000973114 -0.011774 -0.15
   vertex -0.00078634 -0.0118109 -0.15
   vertex -0.000973114 -0.011774 0.15
  endloop
 endfacet
 facet normal -0.193976 -0.981006 0
  outer loop
   vertex -0.000973114 -0.011774 0.15
   vertex -0.00078634 -0.0118109 -0.15
   vertex -0.00078634 -0.0118109 0.15
  endloop
 endfacet
 facet normal -0.15557 -0.987825 0
  outer loop
   vertex -0.00078634 -0.0118109 -0.15
   vertex -0.000568443 -0.0118452 -0.15
   vertex -0.00078634 -0.0118109 0.15
  endloop
 endfacet
 facet normal -0.15557 -0.987825 0
  outer loop
   vertex -0.00078634 -0.0118109 0.15
   vertex -0.000568443 -0.0118452 -0.15
   vertex -0.000568443 -0.0118452 0.15
  endloop
 endfacet
 facet normal -0.116992 -0.993133 0
  outer loop
   vertex -0.000568443 -0.0118452 -0.15
   vertex -0.000310604 -0.0118756 -0.15
   vertex -0.000568443 -0.0118452 0.15
  endloop
 endfacet
 facet normal -0.116992 -0.993133 0
  outer loop
   vertex -0.000568443 -0.0118452 0.15
   vertex -0.000310604 -0.0118756 -0.15
   vertex -0.000310604 -0.0118756 0.15
  endloop
 endfacet
 facet normal -0.0782902 -0.996931 0
  outer loop
   vertex -0.000310604 -0.0118756 -0.15
   vertex 2.91466e-18 -0.0119 -0.15
   vertex -0.000310604 -0.0118756 0.15
  endloop
 endfacet
 facet normal -0.0782902 -0.996931 0
  outer loop
   vertex -0.000310604 -0.0118756 0.15
   vertex 2.91466e-18 -0.0119 -0.15
   vertex 2.91466e-18 -0.0119 0.15
  endloop
 endfacet
 facet normal 0.0451115 -0.998982 0
  outer loop
   vertex 2.91466e-18 -0.0119 0.15
   vertex 2.91466e-18 -0.0119 -0.15
   vertex 0.000148592 -0.0118933 -0.15
  endloop
 endfacet
 facet normal 0.0451115 -0.998982 0
  outer loop
   vertex 2.91466e-18 -0.0119 0.15
   vertex 0.000148592 -0.0118933 -0.15
   vertex 0.000148592 -0.0118933 0.15
  endloop
 endfacet
 facet normal 0.085622 -0.996328 0
  outer loop
   vertex 0.000148592 -0.0118933 -0.15
   vertex 0.000297452 -0.0118805 -0.15
   vertex 0.000148592 -0.0118933 0.15
  endloop
 endfacet
 facet normal 0.085622 -0.996328 0
  outer loop
   vertex 0.000148592 -0.0118933 0.15
   vertex 0.000297452 -0.0118805 -0.15
   vertex 0.000297452 -0.0118805 0.15
  endloop
 endfacet
 facet normal 0.124339 -0.99224 0
  outer loop
   vertex 0.000297452 -0.0118805 -0.15
   vertex 0.00045918 -0.0118602 -0.15
   vertex 0.000297452 -0.0118805 0.15
  endloop
 endfacet
 facet normal 0.124339 -0.99224 0
  outer loop
   vertex 0.000297452 -0.0118805 0.15
   vertex 0.00045918 -0.0118602 -0.15
   vertex 0.00045918 -0.0118602 0.15
  endloop
 endfacet
 facet normal 0.162784 -0.986662 0
  outer loop
   vertex 0.00045918 -0.0118602 -0.15
   vertex 0.000635112 -0.0118312 -0.15
   vertex 0.00045918 -0.0118602 0.15
  endloop
 endfacet
 facet normal 0.162784 -0.986662 0
  outer loop
   vertex 0.00045918 -0.0118602 0.15
   vertex 0.000635112 -0.0118312 -0.15
   vertex 0.000635112 -0.0118312 0.15
  endloop
 endfacet
 facet normal 0.200858 -0.97962 0
  outer loop
   vertex 0.000635112 -0.0118312 -0.15
   vertex 0.000827162 -0.0117918 -0.15
   vertex 0.000635112 -0.0118312 0.15
  endloop
 endfacet
 facet normal 0.200858 -0.97962 0
  outer loop
   vertex 0.000635112 -0.0118312 0.15
   vertex 0.000827162 -0.0117918 -0.15
   vertex 0.000827162 -0.0117918 0.15
  endloop
 endfacet
 facet normal 0.238499 -0.971143 0
  outer loop
   vertex 0.000827162 -0.0117918 -0.15
   vertex 0.0010375 -0.0117402 -0.15
   vertex 0.000827162 -0.0117918 0.15
  endloop
 endfacet
 facet normal 0.238499 -0.971143 0
  outer loop
   vertex 0.000827162 -0.0117918 0.15
   vertex 0.0010375 -0.0117402 -0.15
   vertex 0.0010375 -0.0117402 0.15
  endloop
 endfacet
 facet normal 0.275664 -0.961254 0
  outer loop
   vertex 0.0010375 -0.0117402 -0.15
   vertex 0.00126861 -0.0116739 -0.15
   vertex 0.0010375 -0.0117402 0.15
  endloop
 endfacet
 facet normal 0.275664 -0.961254 0
  outer loop
   vertex 0.0010375 -0.0117402 0.15
   vertex 0.00126861 -0.0116739 -0.15
   vertex 0.00126861 -0.0116739 0.15
  endloop
 endfacet
 facet normal 0.312308 -0.949981 0
  outer loop
   vertex 0.00126861 -0.0116739 -0.15
   vertex 0.00152326 -0.0115902 -0.15
   vertex 0.00126861 -0.0116739 0.15
  endloop
 endfacet
 facet normal 0.312308 -0.949981 0
  outer loop
   vertex 0.00126861 -0.0116739 0.15
   vertex 0.00152326 -0.0115902 -0.15
   vertex 0.00152326 -0.0115902 0.15
  endloop
 endfacet
 facet normal 0.348398 -0.937347 0
  outer loop
   vertex 0.00152326 -0.0115902 -0.15
   vertex 0.00180455 -0.0114856 -0.15
   vertex 0.00152326 -0.0115902 0.15
  endloop
 endfacet
 facet normal 0.348398 -0.937347 0
  outer loop
   vertex 0.00152326 -0.0115902 0.15
   vertex 0.00180455 -0.0114856 -0.15
   vertex 0.00180455 -0.0114856 0.15
  endloop
 endfacet
 facet normal 0.383894 -0.923377 0
  outer loop
   vertex 0.00180455 -0.0114856 -0.15
   vertex 0.00211589 -0.0113562 -0.15
   vertex 0.00180455 -0.0114856 0.15
  endloop
 endfacet
 facet normal 0.383894 -0.923377 0
  outer loop
   vertex 0.00180455 -0.0114856 0.15
   vertex 0.00211589 -0.0113562 -0.15
   vertex 0.00211589 -0.0113562 0.15
  endloop
 endfacet
 facet normal 0.418764 -0.908095 0
  outer loop
   vertex 0.00211589 -0.0113562 -0.15
   vertex 0.00246087 -0.0111971 -0.15
   vertex 0.00211589 -0.0113562 0.15
  endloop
 endfacet
 facet normal 0.418764 -0.908095 0
  outer loop
   vertex 0.00211589 -0.0113562 0.15
   vertex 0.00246087 -0.0111971 -0.15
   vertex 0.00246087 -0.0111971 0.15
  endloop
 endfacet
 facet normal 0.453004 -0.891508 0
  outer loop
   vertex 0.00246087 -0.0111971 -0.15
   vertex 0.00284315 -0.0110029 -0.15
   vertex 0.00246087 -0.0111971 0.15
  endloop
 endfacet
 facet normal 0.453004 -0.891508 0
  outer loop
   vertex 0.00246087 -0.0111971 0.15
   vertex 0.00284315 -0.0110029 -0.15
   vertex 0.00284315 -0.0110029 0.15
  endloop
 endfacet
 facet normal 0.486586 -0.873632 0
  outer loop
   vertex 0.00284315 -0.0110029 -0.15
   vertex 0.00326619 -0.0107672 -0.15
   vertex 0.00284315 -0.0110029 0.15
  endloop
 endfacet
 facet normal 0.486586 -0.873632 0
  outer loop
   vertex 0.00284315 -0.0110029 0.15
   vertex 0.00326619 -0.0107672 -0.15
   vertex 0.00326619 -0.0107672 0.15
  endloop
 endfacet
 facet normal 0.519523 -0.854456 0
  outer loop
   vertex 0.00326619 -0.0107672 -0.15
   vertex 0.00373278 -0.0104835 -0.15
   vertex 0.00326619 -0.0107672 0.15
  endloop
 endfacet
 facet normal 0.519523 -0.854456 0
  outer loop
   vertex 0.00326619 -0.0107672 0.15
   vertex 0.00373278 -0.0104835 -0.15
   vertex 0.00373278 -0.0104835 0.15
  endloop
 endfacet
 facet normal 0.551813 -0.833968 0
  outer loop
   vertex 0.00373278 -0.0104835 -0.15
   vertex 0.00424451 -0.0101449 -0.15
   vertex 0.00373278 -0.0104835 0.15
  endloop
 endfacet
 facet normal 0.551813 -0.833968 0
  outer loop
   vertex 0.00373278 -0.0104835 0.15
   vertex 0.00424451 -0.0101449 -0.15
   vertex 0.00424451 -0.0101449 0.15
  endloop
 endfacet
 facet normal 0.583472 -0.812133 0
  outer loop
   vertex 0.00424451 -0.0101449 -0.15
   vertex 0.00480088 -0.00974522 -0.15
   vertex 0.00424451 -0.0101449 0.15
  endloop
 endfacet
 facet normal 0.583472 -0.812133 0
  outer loop
   vertex 0.00424451 -0.0101449 0.15
   vertex 0.00480088 -0.00974522 -0.15
   vertex 0.00480088 -0.00974522 0.15
  endloop
 endfacet
 facet normal 0.614525 -0.788897 0
  outer loop
   vertex 0.00480088 -0.00974522 -0.15
   vertex 0.00539845 -0.00927973 -0.15
   vertex 0.00480088 -0.00974522 0.15
  endloop
 endfacet
 facet normal 0.614525 -0.788897 0
  outer loop
   vertex 0.00480088 -0.00974522 0.15
   vertex 0.00539845 -0.00927973 -0.15
   vertex 0.00539845 -0.00927973 0.15
  endloop
 endfacet
 facet normal 0.644986 -0.764195 0
  outer loop
   vertex 0.00539845 -0.00927973 -0.15
   vertex 0.00602996 -0.00874673 -0.15
   vertex 0.00539845 -0.00927973 0.15
  endloop
 endfacet
 facet normal 0.644986 -0.764195 0
  outer loop
   vertex 0.00539845 -0.00927973 0.15
   vertex 0.00602996 -0.00874673 -0.15
   vertex 0.00602996 -0.00874673 0.15
  endloop
 endfacet
 facet normal 0.674862 -0.737944 0
  outer loop
   vertex 0.00602996 -0.00874673 -0.15
   vertex 0.00668394 -0.00814866 -0.15
   vertex 0.00602996 -0.00874673 0.15
  endloop
 endfacet
 facet normal 0.674862 -0.737944 0
  outer loop
   vertex 0.00602996 -0.00874673 0.15
   vertex 0.00668394 -0.00814866 -0.15
   vertex 0.00668394 -0.00814866 0.15
  endloop
 endfacet
 facet normal 0.697113 -0.716961 0
  outer loop
   vertex 0.00668394 -0.00814866 -0.15
   vertex 0.00702963 -0.00781254 -0.15
   vertex 0.00668394 -0.00814866 0.15
  endloop
 endfacet
 facet normal 0.697113 -0.716961 0
  outer loop
   vertex 0.00668394 -0.00814866 0.15
   vertex 0.00702963 -0.00781254 -0.15
   vertex 0.00702963 -0.00781254 0.15
  endloop
 endfacet
 facet normal 0.719228 -0.694774 0
  outer loop
   vertex 0.00702963 -0.00781254 -0.15
   vertex 0.00768951 -0.00712943 -0.15
   vertex 0.00702963 -0.00781254 0.15
  endloop
 endfacet
 facet normal 0.719228 -0.694774 0
  outer loop
   vertex 0.00702963 -0.00781254 0.15
   vertex 0.00768951 -0.00712943 -0.15
   vertex 0.00768951 -0.00712943 0.15
  endloop
 endfacet
 facet normal 0.747517 -0.664243 0
  outer loop
   vertex 0.00768951 -0.00712943 -0.15
   vertex 0.00832716 -0.00641184 -0.15
   vertex 0.00768951 -0.00712943 0.15
  endloop
 endfacet
 facet normal 0.747517 -0.664243 0
  outer loop
   vertex 0.00768951 -0.00712943 0.15
   vertex 0.00832716 -0.00641184 -0.15
   vertex 0.00832716 -0.00641184 0.15
  endloop
 endfacet
 facet normal 0.774946 -0.632028 0
  outer loop
   vertex 0.00832716 -0.00641184 -0.15
   vertex 0.00892773 -0.00567547 -0.15
   vertex 0.00832716 -0.00641184 0.15
  endloop
 endfacet
 facet normal 0.774946 -0.632028 0
  outer loop
   vertex 0.00832716 -0.00641184 0.15
   vertex 0.00892773 -0.00567547 -0.15
   vertex 0.00892773 -0.00567547 0.15
  endloop
 endfacet
 facet normal 0.801401 -0.598127 0
  outer loop
   vertex 0.00892773 -0.00567547 -0.15
   vertex 0.00947791 -0.00493831 -0.15
   vertex 0.00892773 -0.00567547 0.15
  endloop
 endfacet
 facet normal 0.801401 -0.598127 0
  outer loop
   vertex 0.00892773 -0.00567547 0.15
   vertex 0.00947791 -0.00493831 -0.15
   vertex 0.00947791 -0.00493831 0.15
  endloop
 endfacet
 facet normal 0.825394 -0.564557 0
  outer loop
   vertex 0.00947791 -0.00493831 -0.15
   vertex 0.00991922 -0.0042931 -0.15
   vertex 0.00947791 -0.00493831 0.15
  endloop
 endfacet
 facet normal 0.825394 -0.564557 0
  outer loop
   vertex 0.00947791 -0.00493831 0.15
   vertex 0.00991922 -0.0042931 -0.15
   vertex 0.00991922 -0.0042931 0.15
  endloop
 endfacet
 facet normal 0.846834 -0.531857 0
  outer loop
   vertex 0.00991922 -0.0042931 -0.15
   vertex 0.0103083 -0.00367365 -0.15
   vertex 0.00991922 -0.0042931 0.15
  endloop
 endfacet
 facet normal 0.846834 -0.531857 0
  outer loop
   vertex 0.00991922 -0.0042931 0.15
   vertex 0.0103083 -0.00367365 -0.15
   vertex 0.0103083 -0.00367365 0.15
  endloop
 endfacet
 facet normal 0.866976 -0.49835 0
  outer loop
   vertex 0.0103083 -0.00367365 -0.15
   vertex 0.0106473 -0.00308382 -0.15
   vertex 0.0103083 -0.00367365 0.15
  endloop
 endfacet
 facet normal 0.866976 -0.49835 0
  outer loop
   vertex 0.0103083 -0.00367365 0.15
   vertex 0.0106473 -0.00308382 -0.15
   vertex 0.0106473 -0.00308382 0.15
  endloop
 endfacet
 facet normal 0.885792 -0.464082 0
  outer loop
   vertex 0.0106473 -0.00308382 -0.15
   vertex 0.0109399 -0.00252532 -0.15
   vertex 0.0106473 -0.00308382 0.15
  endloop
 endfacet
 facet normal 0.885792 -0.464082 0
  outer loop
   vertex 0.0106473 -0.00308382 0.15
   vertex 0.0109399 -0.00252532 -0.15
   vertex 0.0109399 -0.00252532 0.15
  endloop
 endfacet
 facet normal 0.903256 -0.429103 0
  outer loop
   vertex 0.0109399 -0.00252532 -0.15
   vertex 0.0111902 -0.0019984 -0.15
   vertex 0.0109399 -0.00252532 0.15
  endloop
 endfacet
 facet normal 0.903256 -0.429103 0
  outer loop
   vertex 0.0109399 -0.00252532 0.15
   vertex 0.0111902 -0.0019984 -0.15
   vertex 0.0111902 -0.0019984 0.15
  endloop
 endfacet
 facet normal 0.919339 -0.393466 0
  outer loop
   vertex 0.0111902 -0.0019984 -0.15
   vertex 0.0114026 -0.00150227 -0.15
   vertex 0.0111902 -0.0019984 0.15
  endloop
 endfacet
 facet normal 0.919339 -0.393466 0
  outer loop
   vertex 0.0111902 -0.0019984 0.15
   vertex 0.0114026 -0.00150227 -0.15
   vertex 0.0114026 -0.00150227 0.15
  endloop
 endfacet
 facet normal 0.934023 -0.357213 0
  outer loop
   vertex 0.0114026 -0.00150227 -0.15
   vertex 0.0115811 -0.0010355 -0.15
   vertex 0.0114026 -0.00150227 0.15
  endloop
 endfacet
 facet normal 0.934023 -0.357213 0
  outer loop
   vertex 0.0114026 -0.00150227 0.15
   vertex 0.0115811 -0.0010355 -0.15
   vertex 0.0115811 -0.0010355 0.15
  endloop
 endfacet
 facet normal 0.947278 -0.320413 0
  outer loop
   vertex 0.0115811 -0.0010355 -0.15
   vertex 0.0117297 -0.000596291 -0.15
   vertex 0.0115811 -0.0010355 0.15
  endloop
 endfacet
 facet normal 0.947278 -0.320413 0
  outer loop
   vertex 0.0115811 -0.0010355 0.15
   vertex 0.0117297 -0.000596291 -0.15
   vertex 0.0117297 -0.000596291 0.15
  endloop
 endfacet
 facet normal 0.959089 -0.283105 0
  outer loop
   vertex 0.0117297 -0.000596291 -0.15
   vertex 0.0118517 -0.00018268 -0.15
   vertex 0.0117297 -0.000596291 0.15
  endloop
 endfacet
 facet normal 0.959089 -0.283105 0
  outer loop
   vertex 0.0117297 -0.000596291 0.15
   vertex 0.0118517 -0.00018268 -0.15
   vertex 0.0118517 -0.00018268 0.15
  endloop
 endfacet
 facet normal 0.966836 -0.2554 0
  outer loop
   vertex 0.0118517 -0.00018268 -0.15
   vertex 0.0119 0 -0.15
   vertex 0.0118517 -0.00018268 0.15
  endloop
 endfacet
 facet normal 0.966836 -0.2554 0
  outer loop
   vertex 0.0118517 -0.00018268 0.15
   vertex 0.0119 0 -0.15
   vertex 0.0119 0 0.15
  endloop
 endfacet
endsolid zone0
