solid zone0
 facet normal 0 0 -1
  outer loop
   vertex 0.00705492 -6.99971e-19 0.15
   vertex -0.0119 -0 0.15
   vertex -0.0118517 0.00018268 0.15
  endloop
 endfacet
 facet normal 0 0 -1
  outer loop
   vertex -0.00768951 0.00712943 0.15
   vertex -0.00702963 0.00781254 0.15
   vertex 0.00706523 0.000325755 0.15
  endloop
 endfacet
 facet normal 0 0 -1
  outer loop
   vertex -0.00702963 0.00781254 0.15
   vertex -0.00668394 0.00814866 0.15
   vertex 0.00706523 0.000325755 0.15
  endloop
 endfacet
 facet normal 0 0 -1
  outer loop
   vertex 0.00706523 0.000325755 0.15
   vertex -0.00668394 0.00814866 0.15
   vertex 0.00706635 0.00097425 0.15
  endloop
 endfacet
 facet normal 0 0 -1
  outer loop
   vertex -0.0109399 0.00252532 0.15
   vertex -0.0106473 0.00308382 0.15
   vertex 0.00706523 0.000325755 0.15
  endloop
 endfacet
 facet normal -0 -0 -1
  outer loop
   vertex 0.00535669 0.00799388 0.15
   vertex 0.00555429 0.00758005 0.15
   vertex -0.00668394 0.00814866 0.15
  endloop
 endfacet
 facet normal -0 -0 -1
  outer loop
   vertex 0.00555429 0.00758005 0.15
   vertex 0.00575672 0.00711269 0.15
   vertex -0.00668394 0.00814866 0.15
  endloop
 endfacet
 facet normal 0 0 -1
  outer loop
   vertex -0.0103083 -0.00367365 0.15
   vertex -0.0106473 -0.00308382 0.15
   vertex 0.00706523 -0.000325755 0.15
  endloop
 endfacet
 facet normal 0 0 -1
  outer loop
   vertex 0.00625431 -0.00574258 0.15
   vertex 0.00599434 -0.00650082 0.15
   vertex -0.00668394 -0.00814866 0.15
  endloop
 endfacet
 facet normal 0 0 -1
  outer loop
   vertex 0.00599434 -0.00650082 0.15
   vertex 0.00575672 -0.00711269 0.15
   vertex -0.00668394 -0.00814866 0.15
  endloop
 endfacet
 facet normal 0 0 -1
  outer loop
   vertex -0.00668394 -0.00814866 0.15
   vertex 0.00575672 -0.00711269 0.15
   vertex 0.00555429 -0.00758005 0.15
  endloop
 endfacet
 facet normal 0 0 -1
  outer loop
   vertex -0.0103083 -0.00367365 0.15
   vertex 0.00706523 -0.000325755 0.15
   vertex -0.00991922 -0.0042931 0.15
  endloop
 endfacet
 facet normal 0 0 -1
  outer loop
   vertex -0.00211589 -0.0113562 0.15
   vertex -0.00246087 -0.0111971 0.15
   vertex 0.00516288 -0.00836361 0.15
  endloop
 endfacet
 facet normal 0 0 -1
  outer loop
   vertex -0.0115811 0.0010355 0.15
   vertex -0.0114026 0.00150227 0.15
   vertex 0.00706523 0.000325755 0.15
  endloop
 endfacet
 facet normal 0 0 -1
  outer loop
   vertex -0.0114026 0.00150227 0.15
   vertex -0.0111902 0.0019984 0.15
   vertex 0.00706523 0.000325755 0.15
  endloop
 endfacet
 facet normal 0 0 -1
  outer loop
   vertex 0.00706523 0.000325755 0.15
   vertex -0.0111902 0.0019984 0.15
   vertex -0.0109399 0.00252532 0.15
  endloop
 endfacet
 facet normal 0 0 -1
  outer loop
   vertex -0.0106473 0.00308382 0.15
   vertex -0.0103083 0.00367365 0.15
   vertex 0.00706523 0.000325755 0.15
  endloop
 endfacet
 facet normal 0 0 -1
  outer loop
   vertex -0.0103083 0.00367365 0.15
   vertex -0.00991922 0.0042931 0.15
   vertex 0.00706523 0.000325755 0.15
  endloop
 endfacet
 facet normal 0 0 -1
  outer loop
   vertex 0.00706523 0.000325755 0.15
   vertex -0.00991922 0.0042931 0.15
   vertex -0.00947791 0.00493831 0.15
  endloop
 endfacet
 facet normal 0 -0 -1
  outer loop
   vertex 0.00706523 -0.000325755 0.15
   vertex 0.00706635 -0.00097425 0.15
   vertex -0.00668394 -0.00814866 0.15
  endloop
 endfacet
 facet normal 0 0 -1
  outer loop
   vertex 0.00706635 -0.00097425 0.15
   vertex 0.00704141 -0.00161752 0.15
   vertex -0.00668394 -0.00814866 0.15
  endloop
 endfacet
 facet normal 0 0 -1
  outer loop
   vertex -0.0106473 -0.00308382 0.15
   vertex -0.0109399 -0.00252532 0.15
   vertex 0.00706523 -0.000325755 0.15
  endloop
 endfacet
 facet normal 0 0 -1
  outer loop
   vertex -0.0109399 -0.00252532 0.15
   vertex -0.0111902 -0.0019984 0.15
   vertex 0.00706523 -0.000325755 0.15
  endloop
 endfacet
 facet normal 0 0 -1
  outer loop
   vertex 0.00706523 -0.000325755 0.15
   vertex -0.0111902 -0.0019984 0.15
   vertex -0.0114026 -0.00150227 0.15
  endloop
 endfacet
 facet normal 0 0 -1
  outer loop
   vertex 0.00705492 -6.99971e-19 0.15
   vertex -0.0118517 0.00018268 0.15
   vertex 0.00706523 0.000325755 0.15
  endloop
 endfacet
 facet normal 0 0 -1
  outer loop
   vertex -0.0118517 0.00018268 0.15
   vertex -0.0117297 0.000596291 0.15
   vertex 0.00706523 0.000325755 0.15
  endloop
 endfacet
 facet normal 0 0 -1
  outer loop
   vertex 0.00706523 0.000325755 0.15
   vertex -0.0117297 0.000596291 0.15
   vertex -0.0115811 0.0010355 0.15
  endloop
 endfacet
 facet normal 0 0 -1
  outer loop
   vertex -0.00373278 0.0104835 0.15
   vertex -0.00326619 0.0107672 0.15
   vertex 0.00516288 0.00836361 0.15
  endloop
 endfacet
 facet normal 0 0 -1
  outer loop
   vertex -0.00326619 0.0107672 0.15
   vertex -0.00284315 0.0110029 0.15
   vertex 0.00516288 0.00836361 0.15
  endloop
 endfacet
 facet normal 0 0 -1
  outer loop
   vertex 0.00516288 0.00836361 0.15
   vertex -0.00284315 0.0110029 0.15
   vertex -0.00246087 0.0111971 0.15
  endloop
 endfacet
 facet normal -0 -0 -1
  outer loop
   vertex 0.00691055 0.00291612 0.15
   vertex 0.00698994 0.00226257 0.15
   vertex -0.00668394 0.00814866 0.15
  endloop
 endfacet
 facet normal -0 -0 -1
  outer loop
   vertex 0.00698994 0.00226257 0.15
   vertex 0.00704141 0.00161752 0.15
   vertex -0.00668394 0.00814866 0.15
  endloop
 endfacet
 facet normal 0 0 -1
  outer loop
   vertex -0.00668394 0.00814866 0.15
   vertex 0.00704141 0.00161752 0.15
   vertex 0.00706635 0.00097425 0.15
  endloop
 endfacet
 facet normal 0 0 -1
  outer loop
   vertex -0.0114026 -0.00150227 0.15
   vertex -0.0115811 -0.0010355 0.15
   vertex 0.00706523 -0.000325755 0.15
  endloop
 endfacet
 facet normal 0 0 -1
  outer loop
   vertex -0.0115811 -0.0010355 0.15
   vertex -0.0117297 -0.000596291 0.15
   vertex 0.00706523 -0.000325755 0.15
  endloop
 endfacet
 facet normal -0 0 -1
  outer loop
   vertex 0.00706523 -0.000325755 0.15
   vertex -0.0117297 -0.000596291 0.15
   vertex 0.00705492 -6.99971e-19 0.15
  endloop
 endfacet
 facet normal 0 0 -1
  outer loop
   vertex -0.0117297 -0.000596291 0.15
   vertex -0.0118517 -0.00018268 0.15
   vertex 0.00705492 -6.99971e-19 0.15
  endloop
 endfacet
 facet normal -0 0 -1
  outer loop
   vertex 0.00705492 -6.99971e-19 0.15
   vertex -0.0118517 -0.00018268 0.15
   vertex -0.0119 -0 0.15
  endloop
 endfacet
 facet normal 0 0 -1
  outer loop
   vertex -0.00211589 -0.0113562 0.15
   vertex 0.00516288 -0.00836361 0.15
   vertex -0.00180455 -0.0114856 0.15
  endloop
 endfacet
 facet normal 0 0 -1
  outer loop
   vertex 0.00516288 -0.00836361 0.15
   vertex 0.00497212 -0.00869627 0.15
   vertex -0.00180455 -0.0114856 0.15
  endloop
 endfacet
 facet normal 0 0 -1
  outer loop
   vertex -0.00180455 -0.0114856 0.15
   vertex 0.00497212 -0.00869627 0.15
   vertex -0.00152326 -0.0115902 0.15
  endloop
 endfacet
 facet normal 0 0 -1
  outer loop
   vertex -0.00246087 -0.0111971 0.15
   vertex -0.00284315 -0.0110029 0.15
   vertex 0.00516288 -0.00836361 0.15
  endloop
 endfacet
 facet normal 0 0 -1
  outer loop
   vertex -0.00284315 -0.0110029 0.15
   vertex -0.00326619 -0.0107672 0.15
   vertex 0.00516288 -0.00836361 0.15
  endloop
 endfacet
 facet normal 0 0 -1
  outer loop
   vertex 0.00516288 -0.00836361 0.15
   vertex -0.00326619 -0.0107672 0.15
   vertex -0.00373278 -0.0104835 0.15
  endloop
 endfacet
 facet normal 0 0 -1
  outer loop
   vertex -0.00668394 -0.00814866 0.15
   vertex -0.00702963 -0.00781254 0.15
   vertex 0.00706523 -0.000325755 0.15
  endloop
 endfacet
 facet normal 0 0 -1
  outer loop
   vertex -0.00702963 -0.00781254 0.15
   vertex -0.00768951 -0.00712943 0.15
   vertex 0.00706523 -0.000325755 0.15
  endloop
 endfacet
 facet normal 0 0 -1
  outer loop
   vertex 0.00706523 -0.000325755 0.15
   vertex -0.00768951 -0.00712943 0.15
   vertex -0.00832716 -0.00641184 0.15
  endloop
 endfacet
 facet normal 0 0 -1
  outer loop
   vertex -0.00947791 0.00493831 0.15
   vertex -0.00892773 0.00567547 0.15
   vertex 0.00706523 0.000325755 0.15
  endloop
 endfacet
 facet normal 0 0 -1
  outer loop
   vertex -0.00892773 0.00567547 0.15
   vertex -0.00832716 0.00641184 0.15
   vertex 0.00706523 0.000325755 0.15
  endloop
 endfacet
 facet normal 0 0 -1
  outer loop
   vertex 0.00706523 0.000325755 0.15
   vertex -0.00832716 0.00641184 0.15
   vertex -0.00768951 0.00712943 0.15
  endloop
 endfacet
 facet normal 0 0 -1
  outer loop
   vertex -0.00246087 0.0111971 0.15
   vertex -0.00211589 0.0113562 0.15
   vertex 0.00516288 0.00836361 0.15
  endloop
 endfacet
 facet normal 0 0 -1
  outer loop
   vertex -0.00211589 0.0113562 0.15
   vertex -0.00180455 0.0114856 0.15
   vertex 0.00516288 0.00836361 0.15
  endloop
 endfacet
 facet normal 0 0 -1
  outer loop
   vertex 0.00516288 0.00836361 0.15
   vertex -0.00180455 0.0114856 0.15
   vertex 0.00497212 0.00869627 0.15
  endloop
 endfacet
 facet normal 0 0 -1
  outer loop
   vertex -0.00180455 0.0114856 0.15
   vertex -0.00152326 0.0115902 0.15
   vertex 0.00497212 0.00869627 0.15
  endloop
 endfacet
 facet normal 0 0 -1
  outer loop
   vertex -0.00832716 -0.00641184 0.15
   vertex -0.00892773 -0.00567547 0.15
   vertex 0.00706523 -0.000325755 0.15
  endloop
 endfacet
 facet normal 0 0 -1
  outer loop
   vertex -0.00892773 -0.00567547 0.15
   vertex -0.00947791 -0.00493831 0.15
   vertex 0.00706523 -0.000325755 0.15
  endloop
 endfacet
 facet normal 0 0 -1
  outer loop
   vertex 0.00706523 -0.000325755 0.15
   vertex -0.00947791 -0.00493831 0.15
   vertex -0.00991922 -0.0042931 0.15
  endloop
 endfacet
 facet normal 0 0 -1
  outer loop
   vertex -0.00539845 0.00927973 0.15
   vertex -0.00480088 0.00974522 0.15
   vertex 0.00516288 0.00836361 0.15
  endloop
 endfacet
 facet normal 0 0 -1
  outer loop
   vertex -0.00480088 0.00974522 0.15
   vertex -0.00424451 0.0101449 0.15
   vertex 0.00516288 0.00836361 0.15
  endloop
 endfacet
 facet normal 0 0 -1
  outer loop
   vertex 0.00516288 0.00836361 0.15
   vertex -0.00424451 0.0101449 0.15
   vertex -0.00373278 0.0104835 0.15
  endloop
 endfacet
 facet normal 0 0 -1
  outer loop
   vertex 0.00704141 -0.00161752 0.15
   vertex 0.00698994 -0.00226257 0.15
   vertex -0.00668394 -0.00814866 0.15
  endloop
 endfacet
 facet normal 0 0 -1
  outer loop
   vertex 0.00698994 -0.00226257 0.15
   vertex 0.00691055 -0.00291612 0.15
   vertex -0.00668394 -0.00814866 0.15
  endloop
 endfacet
 facet normal 0 0 -1
  outer loop
   vertex -0.00668394 -0.00814866 0.15
   vertex 0.00691055 -0.00291612 0.15
   vertex 0.00680089 -0.00358501 0.15
  endloop
 endfacet
 facet normal 0 0 -1
  outer loop
   vertex -0.00152326 0.0115902 0.15
   vertex -0.00126861 0.0116739 0.15
   vertex 0.00497212 0.00869627 0.15
  endloop
 endfacet
 facet normal 0 0 -1
  outer loop
   vertex -0.00126861 0.0116739 0.15
   vertex -0.0010375 0.0117402 0.15
   vertex 0.00497212 0.00869627 0.15
  endloop
 endfacet
 facet normal 0 0 -1
  outer loop
   vertex 0.00497212 0.00869627 0.15
   vertex -0.0010375 0.0117402 0.15
   vertex 0.00478384 0.00899733 0.15
  endloop
 endfacet
 facet normal -0 -0 -1
  outer loop
   vertex 0.00575672 0.00711269 0.15
   vertex 0.00599434 0.00650082 0.15
   vertex -0.00668394 0.00814866 0.15
  endloop
 endfacet
 facet normal -0 -0 -1
  outer loop
   vertex 0.00599434 0.00650082 0.15
   vertex 0.00625431 0.00574258 0.15
   vertex -0.00668394 0.00814866 0.15
  endloop
 endfacet
 facet normal 0 0 -1
  outer loop
   vertex -0.00668394 0.00814866 0.15
   vertex 0.00625431 0.00574258 0.15
   vertex 0.00647546 0.00499887 0.15
  endloop
 endfacet
 facet normal 0 0 -1
  outer loop
   vertex -0.00373278 -0.0104835 0.15
   vertex -0.00424451 -0.0101449 0.15
   vertex 0.00516288 -0.00836361 0.15
  endloop
 endfacet
 facet normal 0 0 -1
  outer loop
   vertex -0.00424451 -0.0101449 0.15
   vertex -0.00480088 -0.00974522 0.15
   vertex 0.00516288 -0.00836361 0.15
  endloop
 endfacet
 facet normal 0 0 -1
  outer loop
   vertex 0.00516288 -0.00836361 0.15
   vertex -0.00480088 -0.00974522 0.15
   vertex -0.00539845 -0.00927973 0.15
  endloop
 endfacet
 facet normal 0 0 -1
  outer loop
   vertex 0.00535669 0.00799388 0.15
   vertex -0.00668394 0.00814866 0.15
   vertex 0.00516288 0.00836361 0.15
  endloop
 endfacet
 facet normal 0 0 -1
  outer loop
   vertex -0.00668394 0.00814866 0.15
   vertex -0.00602996 0.00874673 0.15
   vertex 0.00516288 0.00836361 0.15
  endloop
 endfacet
 facet normal 0 0 -1
  outer loop
   vertex 0.00516288 0.00836361 0.15
   vertex -0.00602996 0.00874673 0.15
   vertex -0.00539845 0.00927973 0.15
  endloop
 endfacet
 facet normal -0 -0 -1
  outer loop
   vertex 0.00647546 0.00499887 0.15
   vertex 0.00665746 0.0042766 0.15
   vertex -0.00668394 0.00814866 0.15
  endloop
 endfacet
 facet normal -0 -0 -1
  outer loop
   vertex 0.00665746 0.0042766 0.15
   vertex 0.00680089 0.00358501 0.15
   vertex -0.00668394 0.00814866 0.15
  endloop
 endfacet
 facet normal 0 0 -1
  outer loop
   vertex -0.00668394 0.00814866 0.15
   vertex 0.00680089 0.00358501 0.15
   vertex 0.00691055 0.00291612 0.15
  endloop
 endfacet
 facet normal 0 0 -1
  outer loop
   vertex 0.00680089 -0.00358501 0.15
   vertex 0.00665746 -0.0042766 0.15
   vertex -0.00668394 -0.00814866 0.15
  endloop
 endfacet
 facet normal 0 0 -1
  outer loop
   vertex 0.00665746 -0.0042766 0.15
   vertex 0.00647546 -0.00499887 0.15
   vertex -0.00668394 -0.00814866 0.15
  endloop
 endfacet
 facet normal 0 0 -1
  outer loop
   vertex -0.00668394 -0.00814866 0.15
   vertex 0.00647546 -0.00499887 0.15
   vertex 0.00625431 -0.00574258 0.15
  endloop
 endfacet
 facet normal -0 0 -1
  outer loop
   vertex 0.00478384 -0.00899733 0.15
   vertex -0.0010375 -0.0117402 0.15
   vertex 0.00497212 -0.00869627 0.15
  endloop
 endfacet
 facet normal 0 0 -1
  outer loop
   vertex -0.0010375 -0.0117402 0.15
   vertex -0.00126861 -0.0116739 0.15
   vertex 0.00497212 -0.00869627 0.15
  endloop
 endfacet
 facet normal 0 0 -1
  outer loop
   vertex 0.00497212 -0.00869627 0.15
   vertex -0.00126861 -0.0116739 0.15
   vertex -0.00152326 -0.0115902 0.15
  endloop
 endfacet
 facet normal 0 0 -1
  outer loop
   vertex 0.00555429 -0.00758005 0.15
   vertex 0.00535669 -0.00799388 0.15
   vertex -0.00668394 -0.00814866 0.15
  endloop
 endfacet
 facet normal 0 0 -1
  outer loop
   vertex 0.00535669 -0.00799388 0.15
   vertex 0.00516288 -0.00836361 0.15
   vertex -0.00668394 -0.00814866 0.15
  endloop
 endfacet
 facet normal 0 0 -1
  outer loop
   vertex -0.00668394 -0.00814866 0.15
   vertex 0.00516288 -0.00836361 0.15
   vertex -0.00602996 -0.00874673 0.15
  endloop
 endfacet
 facet normal 0 0 -1
  outer loop
   vertex 0.00516288 -0.00836361 0.15
   vertex -0.00539845 -0.00927973 0.15
   vertex -0.00602996 -0.00874673 0.15
  endloop
 endfacet
 facet normal -0 -0 -1
  outer loop
   vertex 0.00441284 0.00952119 0.15
   vertex 0.00459756 0.00927113 0.15
   vertex -0.000297452 0.0118805 0.15
  endloop
 endfacet
 facet normal -0 0 -1
  outer loop
   vertex 0.00459756 -0.00927113 0.15
   vertex -0.000635112 -0.0118312 0.15
   vertex 0.00478384 -0.00899733 0.15
  endloop
 endfacet
 facet normal 0 0 -1
  outer loop
   vertex -0.000635112 -0.0118312 0.15
   vertex -0.000827162 -0.0117918 0.15
   vertex 0.00478384 -0.00899733 0.15
  endloop
 endfacet
 facet normal 0 0 -1
  outer loop
   vertex 0.00478384 -0.00899733 0.15
   vertex -0.000827162 -0.0117918 0.15
   vertex -0.0010375 -0.0117402 0.15
  endloop
 endfacet
 facet normal 0 0 -1
  outer loop
   vertex -0.0010375 0.0117402 0.15
   vertex -0.000827162 0.0117918 0.15
   vertex 0.00478384 0.00899733 0.15
  endloop
 endfacet
 facet normal 0 0 -1
  outer loop
   vertex -0.000827162 0.0117918 0.15
   vertex -0.000635112 0.0118312 0.15
   vertex 0.00478384 0.00899733 0.15
  endloop
 endfacet
 facet normal 0 0 -1
  outer loop
   vertex 0.00478384 0.00899733 0.15
   vertex -0.000635112 0.0118312 0.15
   vertex 0.00459756 0.00927113 0.15
  endloop
 endfacet
 facet normal 0 0 -1
  outer loop
   vertex -0.000635112 0.0118312 0.15
   vertex -0.00045918 0.0118602 0.15
   vertex 0.00459756 0.00927113 0.15
  endloop
 endfacet
 facet normal 0 0 -1
  outer loop
   vertex 0.00459756 0.00927113 0.15
   vertex -0.00045918 0.0118602 0.15
   vertex -0.000297452 0.0118805 0.15
  endloop
 endfacet
 facet normal -0 0 -1
  outer loop
   vertex 0.00441284 -0.00952119 0.15
   vertex -0.000297452 -0.0118805 0.15
   vertex 0.00459756 -0.00927113 0.15
  endloop
 endfacet
 facet normal 0 0 -1
  outer loop
   vertex -0.000297452 -0.0118805 0.15
   vertex -0.00045918 -0.0118602 0.15
   vertex 0.00459756 -0.00927113 0.15
  endloop
 endfacet
 facet normal 0 0 -1
  outer loop
   vertex 0.00459756 -0.00927113 0.15
   vertex -0.00045918 -0.0118602 0.15
   vertex -0.000635112 -0.0118312 0.15
  endloop
 endfacet
 facet normal -0 -0 -1
  outer loop
   vertex 0.00368366 0.0103328 0.15
   vertex 0.00386365 0.0101557 0.15
   vertex -0.000297452 0.0118805 0.15
  endloop
 endfacet
 facet normal -0 -0 -1
  outer loop
   vertex 0.00386365 0.0101557 0.15
   vertex 0.00404633 0.00996124 0.15
   vertex -0.000297452 0.0118805 0.15
  endloop
 endfacet
 facet normal -0 -0 -1
  outer loop
   vertex 0.00404633 0.00996124 0.15
   vertex 0.00422923 0.00975043 0.15
   vertex -0.000297452 0.0118805 0.15
  endloop
 endfacet
 facet normal 0 0 -1
  outer loop
   vertex -0.000297452 0.0118805 0.15
   vertex 0.00422923 0.00975043 0.15
   vertex 0.00441284 0.00952119 0.15
  endloop
 endfacet
 facet normal 0 0 -1
  outer loop
   vertex 0.00441284 -0.00952119 0.15
   vertex 0.00422923 -0.00975043 0.15
   vertex -0.000297452 -0.0118805 0.15
  endloop
 endfacet
 facet normal 0 0 -1
  outer loop
   vertex 0.00422923 -0.00975043 0.15
   vertex 0.00404633 -0.00996124 0.15
   vertex -0.000297452 -0.0118805 0.15
  endloop
 endfacet
 facet normal 0 0 -1
  outer loop
   vertex -0.000297452 -0.0118805 0.15
   vertex 0.00404633 -0.00996124 0.15
   vertex 0.00386365 -0.0101557 0.15
  endloop
 endfacet
 facet normal -0 -0 -1
  outer loop
   vertex 0.00312991 0.0107976 0.15
   vertex 0.00331588 0.010654 0.15
   vertex -0.000297452 0.0118805 0.15
  endloop
 endfacet
 facet normal -0 -0 -1
  outer loop
   vertex 0.00331588 0.010654 0.15
   vertex 0.0035003 0.0104994 0.15
   vertex -0.000297452 0.0118805 0.15
  endloop
 endfacet
 facet normal 0 0 -1
  outer loop
   vertex -0.000297452 0.0118805 0.15
   vertex 0.0035003 0.0104994 0.15
   vertex 0.00368366 0.0103328 0.15
  endloop
 endfacet
 facet normal 0 0 -1
  outer loop
   vertex 0.00386365 -0.0101557 0.15
   vertex 0.00368366 -0.0103328 0.15
   vertex -0.000297452 -0.0118805 0.15
  endloop
 endfacet
 facet normal 0 0 -1
  outer loop
   vertex 0.00368366 -0.0103328 0.15
   vertex 0.0035003 -0.0104994 0.15
   vertex -0.000297452 -0.0118805 0.15
  endloop
 endfacet
 facet normal 0 0 -1
  outer loop
   vertex -0.000297452 -0.0118805 0.15
   vertex 0.0035003 -0.0104994 0.15
   vertex 0.00331588 -0.010654 0.15
  endloop
 endfacet
 facet normal -0 -0 -1
  outer loop
   vertex 0.00255751 0.0111698 0.15
   vertex 0.0027513 0.0110548 0.15
   vertex 0.000267058 0.0118788 0.15
  endloop
 endfacet
 facet normal 0 0 -1
  outer loop
   vertex 0.00312991 0.0107976 0.15
   vertex -0.000297452 0.0118805 0.15
   vertex 0.0029419 0.0109309 0.15
  endloop
 endfacet
 facet normal 0 0 -1
  outer loop
   vertex -0.000297452 0.0118805 0.15
   vertex -0.000148592 0.0118933 0.15
   vertex 0.0029419 0.0109309 0.15
  endloop
 endfacet
 facet normal 0 0 -1
  outer loop
   vertex 0.0029419 0.0109309 0.15
   vertex -0.000148592 0.0118933 0.15
   vertex 0.0027513 0.0110548 0.15
  endloop
 endfacet
 facet normal 0 0 -1
  outer loop
   vertex -0.000148592 0.0118933 0.15
   vertex -2.91466e-18 0.0119 0.15
   vertex 0.0027513 0.0110548 0.15
  endloop
 endfacet
 facet normal 0 0 -1
  outer loop
   vertex 0.0027513 0.0110548 0.15
   vertex -2.91466e-18 0.0119 0.15
   vertex 0.000267058 0.0118788 0.15
  endloop
 endfacet
 facet normal 0 0 -1
  outer loop
   vertex 0.000267058 -0.0118788 0.15
   vertex 0.0027513 -0.0110548 0.15
   vertex 0.00255751 -0.0111698 0.15
  endloop
 endfacet
 facet normal 0 0 -1
  outer loop
   vertex 0.00331588 -0.010654 0.15
   vertex 0.00312991 -0.0107976 0.15
   vertex -0.000297452 -0.0118805 0.15
  endloop
 endfacet
 facet normal 0 0 -1
  outer loop
   vertex 0.00312991 -0.0107976 0.15
   vertex 0.0029419 -0.0109309 0.15
   vertex -0.000297452 -0.0118805 0.15
  endloop
 endfacet
 facet normal 0 0 -1
  outer loop
   vertex -0.000297452 -0.0118805 0.15
   vertex 0.0029419 -0.0109309 0.15
   vertex -0.000148592 -0.0118933 0.15
  endloop
 endfacet
 facet normal 0 0 -1
  outer loop
   vertex 0.0029419 -0.0109309 0.15
   vertex 0.0027513 -0.0110548 0.15
   vertex -0.000148592 -0.0118933 0.15
  endloop
 endfacet
 facet normal 0 0 -1
  outer loop
   vertex -0.000148592 -0.0118933 0.15
   vertex 0.0027513 -0.0110548 0.15
   vertex -2.91466e-18 -0.0119 0.15
  endloop
 endfacet
 facet normal 0 0 -1
  outer loop
   vertex 0.0027513 -0.0110548 0.15
   vertex 0.000267058 -0.0118788 0.15
   vertex -2.91466e-18 -0.0119 0.15
  endloop
 endfacet
 facet normal -0 -0 -1
  outer loop
   vertex 0.00195045 0.0114657 0.15
   vertex 0.00215781 0.011375 0.15
   vertex 0.000267058 0.0118788 0.15
  endloop
 endfacet
 facet normal -0 -0 -1
  outer loop
   vertex 0.00215781 0.011375 0.15
   vertex 0.00235991 0.0112764 0.15
   vertex 0.000267058 0.0118788 0.15
  endloop
 endfacet
 facet normal 0 0 -1
  outer loop
   vertex 0.000267058 0.0118788 0.15
   vertex 0.00235991 0.0112764 0.15
   vertex 0.00255751 0.0111698 0.15
  endloop
 endfacet
 facet normal 0 0 -1
  outer loop
   vertex 0.00255751 -0.0111698 0.15
   vertex 0.00235991 -0.0112764 0.15
   vertex 0.000267058 -0.0118788 0.15
  endloop
 endfacet
 facet normal 0 0 -1
  outer loop
   vertex 0.00235991 -0.0112764 0.15
   vertex 0.00215781 -0.011375 0.15
   vertex 0.000267058 -0.0118788 0.15
  endloop
 endfacet
 facet normal 0 0 -1
  outer loop
   vertex 0.000267058 -0.0118788 0.15
   vertex 0.00215781 -0.011375 0.15
   vertex 0.00195045 -0.0114657 0.15
  endloop
 endfacet
 facet normal -0 -0 -1
  outer loop
   vertex 0.00128798 0.011692 0.15
   vertex 0.00151652 0.0116243 0.15
   vertex 0.000267058 0.0118788 0.15
  endloop
 endfacet
 facet normal -0 -0 -1
  outer loop
   vertex 0.00151652 0.0116243 0.15
   vertex 0.001737 0.0115488 0.15
   vertex 0.000267058 0.0118788 0.15
  endloop
 endfacet
 facet normal 0 0 -1
  outer loop
   vertex 0.000267058 0.0118788 0.15
   vertex 0.001737 0.0115488 0.15
   vertex 0.00195045 0.0114657 0.15
  endloop
 endfacet
 facet normal 0 0 -1
  outer loop
   vertex 0.00195045 -0.0114657 0.15
   vertex 0.001737 -0.0115488 0.15
   vertex 0.000267058 -0.0118788 0.15
  endloop
 endfacet
 facet normal 0 0 -1
  outer loop
   vertex 0.001737 -0.0115488 0.15
   vertex 0.00151652 -0.0116243 0.15
   vertex 0.000267058 -0.0118788 0.15
  endloop
 endfacet
 facet normal 0 0 -1
  outer loop
   vertex 0.000267058 -0.0118788 0.15
   vertex 0.00151652 -0.0116243 0.15
   vertex 0.00128798 -0.011692 0.15
  endloop
 endfacet
 facet normal -0 -0 -1
  outer loop
   vertex 0.000541245 0.0118458 0.15
   vertex 0.000801784 0.0118032 0.15
   vertex 0.000267058 0.0118788 0.15
  endloop
 endfacet
 facet normal -0 -0 -1
  outer loop
   vertex 0.000801784 0.0118032 0.15
   vertex 0.00105018 0.0117518 0.15
   vertex 0.000267058 0.0118788 0.15
  endloop
 endfacet
 facet normal 0 0 -1
  outer loop
   vertex 0.000267058 0.0118788 0.15
   vertex 0.00105018 0.0117518 0.15
   vertex 0.00128798 0.011692 0.15
  endloop
 endfacet
 facet normal 0 0 -1
  outer loop
   vertex 0.00128798 -0.011692 0.15
   vertex 0.00105018 -0.0117518 0.15
   vertex 0.000267058 -0.0118788 0.15
  endloop
 endfacet
 facet normal 0 0 -1
  outer loop
   vertex 0.00105018 -0.0117518 0.15
   vertex 0.000801784 -0.0118032 0.15
   vertex 0.000267058 -0.0118788 0.15
  endloop
 endfacet
 facet normal 0 0 -1
  outer loop
   vertex 0.000267058 -0.0118788 0.15
   vertex 0.000801784 -0.0118032 0.15
   vertex 0.000541245 -0.0118458 0.15
  endloop
 endfacet
 facet normal 0 0 1
  outer loop
   vertex 0.00705492 -6.99971e-19 -0.15
   vertex -0.0119 -0 -0.15
   vertex -0.0118517 -0.00018268 -0.15
  endloop
 endfacet
 facet normal -0 0 1
  outer loop
   vertex -0.00768951 -0.00712943 -0.15
   vertex -0.00702963 -0.00781254 -0.15
   vertex 0.00706523 -0.000325755 -0.15
  endloop
 endfacet
 facet normal -0 0 1
  outer loop
   vertex -0.00702963 -0.00781254 -0.15
   vertex -0.00668394 -0.00814866 -0.15
   vertex 0.00706523 -0.000325755 -0.15
  endloop
 endfacet
 facet normal 0 0 1
  outer loop
   vertex 0.00706523 -0.000325755 -0.15
   vertex -0.00668394 -0.00814866 -0.15
   vertex 0.00706635 -0.00097425 -0.15
  endloop
 endfacet
 facet normal -0 0 1
  outer loop
   vertex -0.0109399 -0.00252532 -0.15
   vertex -0.0106473 -0.00308382 -0.15
   vertex 0.00706523 -0.000325755 -0.15
  endloop
 endfacet
 facet normal 0 -0 1
  outer loop
   vertex 0.00535669 -0.00799388 -0.15
   vertex 0.00555429 -0.00758005 -0.15
   vertex -0.00668394 -0.00814866 -0.15
  endloop
 endfacet
 facet normal 0 -0 1
  outer loop
   vertex 0.00555429 -0.00758005 -0.15
   vertex 0.00575672 -0.00711269 -0.15
   vertex -0.00668394 -0.00814866 -0.15
  endloop
 endfacet
 facet normal 0 0 1
  outer loop
   vertex -0.0103083 0.00367365 -0.15
   vertex -0.0106473 0.00308382 -0.15
   vertex 0.00706523 0.000325755 -0.15
  endloop
 endfacet
 facet normal 0 0 1
  outer loop
   vertex 0.00625431 0.00574258 -0.15
   vertex 0.00599434 0.00650082 -0.15
   vertex -0.00668394 0.00814866 -0.15
  endloop
 endfacet
 facet normal 0 0 1
  outer loop
   vertex 0.00599434 0.00650082 -0.15
   vertex 0.00575672 0.00711269 -0.15
   vertex -0.00668394 0.00814866 -0.15
  endloop
 endfacet
 facet normal 0 0 1
  outer loop
   vertex -0.00668394 0.00814866 -0.15
   vertex 0.00575672 0.00711269 -0.15
   vertex 0.00555429 0.00758005 -0.15
  endloop
 endfacet
 facet normal -0 0 1
  outer loop
   vertex -0.0103083 0.00367365 -0.15
   vertex 0.00706523 0.000325755 -0.15
   vertex -0.00991922 0.0042931 -0.15
  endloop
 endfacet
 facet normal 0 0 1
  outer loop
   vertex -0.00211589 0.0113562 -0.15
   vertex -0.00246087 0.0111971 -0.15
   vertex 0.00516288 0.00836361 -0.15
  endloop
 endfacet
 facet normal -0 0 1
  outer loop
   vertex -0.0115811 -0.0010355 -0.15
   vertex -0.0114026 -0.00150227 -0.15
   vertex 0.00706523 -0.000325755 -0.15
  endloop
 endfacet
 facet normal -0 0 1
  outer loop
   vertex -0.0114026 -0.00150227 -0.15
   vertex -0.0111902 -0.0019984 -0.15
   vertex 0.00706523 -0.000325755 -0.15
  endloop
 endfacet
 facet normal 0 0 1
  outer loop
   vertex 0.00706523 -0.000325755 -0.15
   vertex -0.0111902 -0.0019984 -0.15
   vertex -0.0109399 -0.00252532 -0.15
  endloop
 endfacet
 facet normal -0 0 1
  outer loop
   vertex -0.0106473 -0.00308382 -0.15
   vertex -0.0103083 -0.00367365 -0.15
   vertex 0.00706523 -0.000325755 -0.15
  endloop
 endfacet
 facet normal -0 0 1
  outer loop
   vertex -0.0103083 -0.00367365 -0.15
   vertex -0.00991922 -0.0042931 -0.15
   vertex 0.00706523 -0.000325755 -0.15
  endloop
 endfacet
 facet normal 0 0 1
  outer loop
   vertex 0.00706523 -0.000325755 -0.15
   vertex -0.00991922 -0.0042931 -0.15
   vertex -0.00947791 -0.00493831 -0.15
  endloop
 endfacet
 facet normal 0 -0 1
  outer loop
   vertex 0.00706523 0.000325755 -0.15
   vertex 0.00706635 0.00097425 -0.15
   vertex -0.00668394 0.00814866 -0.15
  endloop
 endfacet
 facet normal 0 0 1
  outer loop
   vertex 0.00706635 0.00097425 -0.15
   vertex 0.00704141 0.00161752 -0.15
   vertex -0.00668394 0.00814866 -0.15
  endloop
 endfacet
 facet normal 0 0 1
  outer loop
   vertex -0.0106473 0.00308382 -0.15
   vertex -0.0109399 0.00252532 -0.15
   vertex 0.00706523 0.000325755 -0.15
  endloop
 endfacet
 facet normal 0 0 1
  outer loop
   vertex -0.0109399 0.00252532 -0.15
   vertex -0.0111902 0.0019984 -0.15
   vertex 0.00706523 0.000325755 -0.15
  endloop
 endfacet
 facet normal 0 0 1
  outer loop
   vertex 0.00706523 0.000325755 -0.15
   vertex -0.0111902 0.0019984 -0.15
   vertex -0.0114026 0.00150227 -0.15
  endloop
 endfacet
 facet normal 0 0 1
  outer loop
   vertex 0.00705492 -6.99971e-19 -0.15
   vertex -0.0118517 -0.00018268 -0.15
   vertex 0.00706523 -0.000325755 -0.15
  endloop
 endfacet
 facet normal 0 0 1
  outer loop
   vertex -0.0118517 -0.00018268 -0.15
   vertex -0.0117297 -0.000596291 -0.15
   vertex 0.00706523 -0.000325755 -0.15
  endloop
 endfacet
 facet normal 0 0 1
  outer loop
   vertex 0.00706523 -0.000325755 -0.15
   vertex -0.0117297 -0.000596291 -0.15
   vertex -0.0115811 -0.0010355 -0.15
  endloop
 endfacet
 facet normal -0 0 1
  outer loop
   vertex -0.00373278 -0.0104835 -0.15
   vertex -0.00326619 -0.0107672 -0.15
   vertex 0.00516288 -0.00836361 -0.15
  endloop
 endfacet
 facet normal -0 0 1
  outer loop
   vertex -0.00326619 -0.0107672 -0.15
   vertex -0.00284315 -0.0110029 -0.15
   vertex 0.00516288 -0.00836361 -0.15
  endloop
 endfacet
 facet normal 0 0 1
  outer loop
   vertex 0.00516288 -0.00836361 -0.15
   vertex -0.00284315 -0.0110029 -0.15
   vertex -0.00246087 -0.0111971 -0.15
  endloop
 endfacet
 facet normal 0 -0 1
  outer loop
   vertex 0.00691055 -0.00291612 -0.15
   vertex 0.00698994 -0.00226257 -0.15
   vertex -0.00668394 -0.00814866 -0.15
  endloop
 endfacet
 facet normal 0 -0 1
  outer loop
   vertex 0.00698994 -0.00226257 -0.15
   vertex 0.00704141 -0.00161752 -0.15
   vertex -0.00668394 -0.00814866 -0.15
  endloop
 endfacet
 facet normal 0 0 1
  outer loop
   vertex -0.00668394 -0.00814866 -0.15
   vertex 0.00704141 -0.00161752 -0.15
   vertex 0.00706635 -0.00097425 -0.15
  endloop
 endfacet
 facet normal 0 0 1
  outer loop
   vertex -0.0114026 0.00150227 -0.15
   vertex -0.0115811 0.0010355 -0.15
   vertex 0.00706523 0.000325755 -0.15
  endloop
 endfacet
 facet normal 0 0 1
  outer loop
   vertex -0.0115811 0.0010355 -0.15
   vertex -0.0117297 0.000596291 -0.15
   vertex 0.00706523 0.000325755 -0.15
  endloop
 endfacet
 facet normal 0 0 1
  outer loop
   vertex 0.00706523 0.000325755 -0.15
   vertex -0.0117297 0.000596291 -0.15
   vertex 0.00705492 -6.99971e-19 -0.15
  endloop
 endfacet
 facet normal 0 0 1
  outer loop
   vertex -0.0117297 0.000596291 -0.15
   vertex -0.0118517 0.00018268 -0.15
   vertex 0.00705492 -6.99971e-19 -0.15
  endloop
 endfacet
 facet normal 0 0 1
  outer loop
   vertex 0.00705492 -6.99971e-19 -0.15
   vertex -0.0118517 0.00018268 -0.15
   vertex -0.0119 -0 -0.15
  endloop
 endfacet
 facet normal -0 0 1
  outer loop
   vertex -0.00211589 0.0113562 -0.15
   vertex 0.00516288 0.00836361 -0.15
   vertex -0.00180455 0.0114856 -0.15
  endloop
 endfacet
 facet normal 0 0 1
  outer loop
   vertex 0.00516288 0.00836361 -0.15
   vertex 0.00497212 0.00869627 -0.15
   vertex -0.00180455 0.0114856 -0.15
  endloop
 endfacet
 facet normal -0 0 1
  outer loop
   vertex -0.00180455 0.0114856 -0.15
   vertex 0.00497212 0.00869627 -0.15
   vertex -0.00152326 0.0115902 -0.15
  endloop
 endfacet
 facet normal 0 0 1
  outer loop
   vertex -0.00246087 0.0111971 -0.15
   vertex -0.00284315 0.0110029 -0.15
   vertex 0.00516288 0.00836361 -0.15
  endloop
 endfacet
 facet normal 0 0 1
  outer loop
   vertex -0.00284315 0.0110029 -0.15
   vertex -0.00326619 0.0107672 -0.15
   vertex 0.00516288 0.00836361 -0.15
  endloop
 endfacet
 facet normal 0 0 1
  outer loop
   vertex 0.00516288 0.00836361 -0.15
   vertex -0.00326619 0.0107672 -0.15
   vertex -0.00373278 0.0104835 -0.15
  endloop
 endfacet
 facet normal 0 0 1
  outer loop
   vertex -0.00668394 0.00814866 -0.15
   vertex -0.00702963 0.00781254 -0.15
   vertex 0.00706523 0.000325755 -0.15
  endloop
 endfacet
 facet normal 0 0 1
  outer loop
   vertex -0.00702963 0.00781254 -0.15
   vertex -0.00768951 0.00712943 -0.15
   vertex 0.00706523 0.000325755 -0.15
  endloop
 endfacet
 facet normal 0 0 1
  outer loop
   vertex 0.00706523 0.000325755 -0.15
   vertex -0.00768951 0.00712943 -0.15
   vertex -0.00832716 0.00641184 -0.15
  endloop
 endfacet
 facet normal -0 0 1
  outer loop
   vertex -0.00947791 -0.00493831 -0.15
   vertex -0.00892773 -0.00567547 -0.15
   vertex 0.00706523 -0.000325755 -0.15
  endloop
 endfacet
 facet normal -0 0 1
  outer loop
   vertex -0.00892773 -0.00567547 -0.15
   vertex -0.00832716 -0.00641184 -0.15
   vertex 0.00706523 -0.000325755 -0.15
  endloop
 endfacet
 facet normal 0 0 1
  outer loop
   vertex 0.00706523 -0.000325755 -0.15
   vertex -0.00832716 -0.00641184 -0.15
   vertex -0.00768951 -0.00712943 -0.15
  endloop
 endfacet
 facet normal -0 0 1
  outer loop
   vertex -0.00246087 -0.0111971 -0.15
   vertex -0.00211589 -0.0113562 -0.15
   vertex 0.00516288 -0.00836361 -0.15
  endloop
 endfacet
 facet normal -0 0 1
  outer loop
   vertex -0.00211589 -0.0113562 -0.15
   vertex -0.00180455 -0.0114856 -0.15
   vertex 0.00516288 -0.00836361 -0.15
  endloop
 endfacet
 facet normal 0 0 1
  outer loop
   vertex 0.00516288 -0.00836361 -0.15
   vertex -0.00180455 -0.0114856 -0.15
   vertex 0.00497212 -0.00869627 -0.15
  endloop
 endfacet
 facet normal -0 0 1
  outer loop
   vertex -0.00180455 -0.0114856 -0.15
   vertex -0.00152326 -0.0115902 -0.15
   vertex 0.00497212 -0.00869627 -0.15
  endloop
 endfacet
 facet normal 0 0 1
  outer loop
   vertex -0.00832716 0.00641184 -0.15
   vertex -0.00892773 0.00567547 -0.15
   vertex 0.00706523 0.000325755 -0.15
  endloop
 endfacet
 facet normal 0 0 1
  outer loop
   vertex -0.00892773 0.00567547 -0.15
   vertex -0.00947791 0.00493831 -0.15
   vertex 0.00706523 0.000325755 -0.15
  endloop
 endfacet
 facet normal 0 0 1
  outer loop
   vertex 0.00706523 0.000325755 -0.15
   vertex -0.00947791 0.00493831 -0.15
   vertex -0.00991922 0.0042931 -0.15
  endloop
 endfacet
 facet normal -0 0 1
  outer loop
   vertex -0.00539845 -0.00927973 -0.15
   vertex -0.00480088 -0.00974522 -0.15
   vertex 0.00516288 -0.00836361 -0.15
  endloop
 endfacet
 facet normal -0 0 1
  outer loop
   vertex -0.00480088 -0.00974522 -0.15
   vertex -0.00424451 -0.0101449 -0.15
   vertex 0.00516288 -0.00836361 -0.15
  endloop
 endfacet
 facet normal 0 0 1
  outer loop
   vertex 0.00516288 -0.00836361 -0.15
   vertex -0.00424451 -0.0101449 -0.15
   vertex -0.00373278 -0.0104835 -0.15
  endloop
 endfacet
 facet normal 0 0 1
  outer loop
   vertex 0.00704141 0.00161752 -0.15
   vertex 0.00698994 0.00226257 -0.15
   vertex -0.00668394 0.00814866 -0.15
  endloop
 endfacet
 facet normal 0 0 1
  outer loop
   vertex 0.00698994 0.00226257 -0.15
   vertex 0.00691055 0.00291612 -0.15
   vertex -0.00668394 0.00814866 -0.15
  endloop
 endfacet
 facet normal 0 0 1
  outer loop
   vertex -0.00668394 0.00814866 -0.15
   vertex 0.00691055 0.00291612 -0.15
   vertex 0.00680089 0.00358501 -0.15
  endloop
 endfacet
 facet normal -0 0 1
  outer loop
   vertex -0.00152326 -0.0115902 -0.15
   vertex -0.00126861 -0.0116739 -0.15
   vertex 0.00497212 -0.00869627 -0.15
  endloop
 endfacet
 facet normal -0 0 1
  outer loop
   vertex -0.00126861 -0.0116739 -0.15
   vertex -0.0010375 -0.0117402 -0.15
   vertex 0.00497212 -0.00869627 -0.15
  endloop
 endfacet
 facet normal 0 0 1
  outer loop
   vertex 0.00497212 -0.00869627 -0.15
   vertex -0.0010375 -0.0117402 -0.15
   vertex 0.00478384 -0.00899733 -0.15
  endloop
 endfacet
 facet normal 0 -0 1
  outer loop
   vertex 0.00575672 -0.00711269 -0.15
   vertex 0.00599434 -0.00650082 -0.15
   vertex -0.00668394 -0.00814866 -0.15
  endloop
 endfacet
 facet normal 0 -0 1
  outer loop
   vertex 0.00599434 -0.00650082 -0.15
   vertex 0.00625431 -0.00574258 -0.15
   vertex -0.00668394 -0.00814866 -0.15
  endloop
 endfacet
 facet normal 0 0 1
  outer loop
   vertex -0.00668394 -0.00814866 -0.15
   vertex 0.00625431 -0.00574258 -0.15
   vertex 0.00647546 -0.00499887 -0.15
  endloop
 endfacet
 facet normal 0 0 1
  outer loop
   vertex -0.00373278 0.0104835 -0.15
   vertex -0.00424451 0.0101449 -0.15
   vertex 0.00516288 0.00836361 -0.15
  endloop
 endfacet
 facet normal 0 0 1
  outer loop
   vertex -0.00424451 0.0101449 -0.15
   vertex -0.00480088 0.00974522 -0.15
   vertex 0.00516288 0.00836361 -0.15
  endloop
 endfacet
 facet normal 0 0 1
  outer loop
   vertex 0.00516288 0.00836361 -0.15
   vertex -0.00480088 0.00974522 -0.15
   vertex -0.00539845 0.00927973 -0.15
  endloop
 endfacet
 facet normal 0 0 1
  outer loop
   vertex 0.00535669 -0.00799388 -0.15
   vertex -0.00668394 -0.00814866 -0.15
   vertex 0.00516288 -0.00836361 -0.15
  endloop
 endfacet
 facet normal 0 0 1
  outer loop
   vertex -0.00668394 -0.00814866 -0.15
   vertex -0.00602996 -0.00874673 -0.15
   vertex 0.00516288 -0.00836361 -0.15
  endloop
 endfacet
 facet normal 0 0 1
  outer loop
   vertex 0.00516288 -0.00836361 -0.15
   vertex -0.00602996 -0.00874673 -0.15
   vertex -0.00539845 -0.00927973 -0.15
  endloop
 endfacet
 facet normal 0 -0 1
  outer loop
   vertex 0.00647546 -0.00499887 -0.15
   vertex 0.00665746 -0.0042766 -0.15
   vertex -0.00668394 -0.00814866 -0.15
  endloop
 endfacet
 facet normal 0 -0 1
  outer loop
   vertex 0.00665746 -0.0042766 -0.15
   vertex 0.00680089 -0.00358501 -0.15
   vertex -0.00668394 -0.00814866 -0.15
  endloop
 endfacet
 facet normal 0 0 1
  outer loop
   vertex -0.00668394 -0.00814866 -0.15
   vertex 0.00680089 -0.00358501 -0.15
   vertex 0.00691055 -0.00291612 -0.15
  endloop
 endfacet
 facet normal 0 0 1
  outer loop
   vertex 0.00680089 0.00358501 -0.15
   vertex 0.00665746 0.0042766 -0.15
   vertex -0.00668394 0.00814866 -0.15
  endloop
 endfacet
 facet normal 0 0 1
  outer loop
   vertex 0.00665746 0.0042766 -0.15
   vertex 0.00647546 0.00499887 -0.15
   vertex -0.00668394 0.00814866 -0.15
  endloop
 endfacet
 facet normal 0 0 1
  outer loop
   vertex -0.00668394 0.00814866 -0.15
   vertex 0.00647546 0.00499887 -0.15
   vertex 0.00625431 0.00574258 -0.15
  endloop
 endfacet
 facet normal 0 0 1
  outer loop
   vertex 0.00478384 0.00899733 -0.15
   vertex -0.0010375 0.0117402 -0.15
   vertex 0.00497212 0.00869627 -0.15
  endloop
 endfacet
 facet normal 0 0 1
  outer loop
   vertex -0.0010375 0.0117402 -0.15
   vertex -0.00126861 0.0116739 -0.15
   vertex 0.00497212 0.00869627 -0.15
  endloop
 endfacet
 facet normal 0 0 1
  outer loop
   vertex 0.00497212 0.00869627 -0.15
   vertex -0.00126861 0.0116739 -0.15
   vertex -0.00152326 0.0115902 -0.15
  endloop
 endfacet
 facet normal 0 0 1
  outer loop
   vertex 0.00555429 0.00758005 -0.15
   vertex 0.00535669 0.00799388 -0.15
   vertex -0.00668394 0.00814866 -0.15
  endloop
 endfacet
 facet normal 0 0 1
  outer loop
   vertex 0.00535669 0.00799388 -0.15
   vertex 0.00516288 0.00836361 -0.15
   vertex -0.00668394 0.00814866 -0.15
  endloop
 endfacet
 facet normal 0 0 1
  outer loop
   vertex -0.00668394 0.00814866 -0.15
   vertex 0.00516288 0.00836361 -0.15
   vertex -0.00602996 0.00874673 -0.15
  endloop
 endfacet
 facet normal 0 0 1
  outer loop
   vertex 0.00516288 0.00836361 -0.15
   vertex -0.00539845 0.00927973 -0.15
   vertex -0.00602996 0.00874673 -0.15
  endloop
 endfacet
 facet normal 0 -0 1
  outer loop
   vertex 0.00441284 -0.00952119 -0.15
   vertex 0.00459756 -0.00927113 -0.15
   vertex -0.000297452 -0.0118805 -0.15
  endloop
 endfacet
 facet normal 0 0 1
  outer loop
   vertex 0.00459756 0.00927113 -0.15
   vertex -0.000635112 0.0118312 -0.15
   vertex 0.00478384 0.00899733 -0.15
  endloop
 endfacet
 facet normal 0 0 1
  outer loop
   vertex -0.000635112 0.0118312 -0.15
   vertex -0.000827162 0.0117918 -0.15
   vertex 0.00478384 0.00899733 -0.15
  endloop
 endfacet
 facet normal 0 0 1
  outer loop
   vertex 0.00478384 0.00899733 -0.15
   vertex -0.000827162 0.0117918 -0.15
   vertex -0.0010375 0.0117402 -0.15
  endloop
 endfacet
 facet normal -0 0 1
  outer loop
   vertex -0.0010375 -0.0117402 -0.15
   vertex -0.000827162 -0.0117918 -0.15
   vertex 0.00478384 -0.00899733 -0.15
  endloop
 endfacet
 facet normal -0 0 1
  outer loop
   vertex -0.000827162 -0.0117918 -0.15
   vertex -0.000635112 -0.0118312 -0.15
   vertex 0.00478384 -0.00899733 -0.15
  endloop
 endfacet
 facet normal 0 0 1
  outer loop
   vertex 0.00478384 -0.00899733 -0.15
   vertex -0.000635112 -0.0118312 -0.15
   vertex 0.00459756 -0.00927113 -0.15
  endloop
 endfacet
 facet normal -0 0 1
  outer loop
   vertex -0.000635112 -0.0118312 -0.15
   vertex -0.00045918 -0.0118602 -0.15
   vertex 0.00459756 -0.00927113 -0.15
  endloop
 endfacet
 facet normal 0 0 1
  outer loop
   vertex 0.00459756 -0.00927113 -0.15
   vertex -0.00045918 -0.0118602 -0.15
   vertex -0.000297452 -0.0118805 -0.15
  endloop
 endfacet
 facet normal 0 0 1
  outer loop
   vertex 0.00441284 0.00952119 -0.15
   vertex -0.000297452 0.0118805 -0.15
   vertex 0.00459756 0.00927113 -0.15
  endloop
 endfacet
 facet normal 0 0 1
  outer loop
   vertex -0.000297452 0.0118805 -0.15
   vertex -0.00045918 0.0118602 -0.15
   vertex 0.00459756 0.00927113 -0.15
  endloop
 endfacet
 facet normal 0 0 1
  outer loop
   vertex 0.00459756 0.00927113 -0.15
   vertex -0.00045918 0.0118602 -0.15
   vertex -0.000635112 0.0118312 -0.15
  endloop
 endfacet
 facet normal 0 -0 1
  outer loop
   vertex 0.00368366 -0.0103328 -0.15
   vertex 0.00386365 -0.0101557 -0.15
   vertex -0.000297452 -0.0118805 -0.15
  endloop
 endfacet
 facet normal 0 -0 1
  outer loop
   vertex 0.00386365 -0.0101557 -0.15
   vertex 0.00404633 -0.00996124 -0.15
   vertex -0.000297452 -0.0118805 -0.15
  endloop
 endfacet
 facet normal 0 -0 1
  outer loop
   vertex 0.00404633 -0.00996124 -0.15
   vertex 0.00422923 -0.00975043 -0.15
   vertex -0.000297452 -0.0118805 -0.15
  endloop
 endfacet
 facet normal 0 0 1
  outer loop
   vertex -0.000297452 -0.0118805 -0.15
   vertex 0.00422923 -0.00975043 -0.15
   vertex 0.00441284 -0.00952119 -0.15
  endloop
 endfacet
 facet normal 0 0 1
  outer loop
   vertex 0.00441284 0.00952119 -0.15
   vertex 0.00422923 0.00975043 -0.15
   vertex -0.000297452 0.0118805 -0.15
  endloop
 endfacet
 facet normal 0 0 1
  outer loop
   vertex 0.00422923 0.00975043 -0.15
   vertex 0.00404633 0.00996124 -0.15
   vertex -0.000297452 0.0118805 -0.15
  endloop
 endfacet
 facet normal 0 0 1
  outer loop
   vertex -0.000297452 0.0118805 -0.15
   vertex 0.00404633 0.00996124 -0.15
   vertex 0.00386365 0.0101557 -0.15
  endloop
 endfacet
 facet normal 0 -0 1
  outer loop
   vertex 0.00312991 -0.0107976 -0.15
   vertex 0.00331588 -0.010654 -0.15
   vertex -0.000297452 -0.0118805 -0.15
  endloop
 endfacet
 facet normal 0 -0 1
  outer loop
   vertex 0.00331588 -0.010654 -0.15
   vertex 0.0035003 -0.0104994 -0.15
   vertex -0.000297452 -0.0118805 -0.15
  endloop
 endfacet
 facet normal 0 0 1
  outer loop
   vertex -0.000297452 -0.0118805 -0.15
   vertex 0.0035003 -0.0104994 -0.15
   vertex 0.00368366 -0.0103328 -0.15
  endloop
 endfacet
 facet normal 0 0 1
  outer loop
   vertex 0.00386365 0.0101557 -0.15
   vertex 0.00368366 0.0103328 -0.15
   vertex -0.000297452 0.0118805 -0.15
  endloop
 endfacet
 facet normal 0 0 1
  outer loop
   vertex 0.00368366 0.0103328 -0.15
   vertex 0.0035003 0.0104994 -0.15
   vertex -0.000297452 0.0118805 -0.15
  endloop
 endfacet
 facet normal 0 0 1
  outer loop
   vertex -0.000297452 0.0118805 -0.15
   vertex 0.0035003 0.0104994 -0.15
   vertex 0.00331588 0.010654 -0.15
  endloop
 endfacet
 facet normal 0 -0 1
  outer loop
   vertex 0.00255751 -0.0111698 -0.15
   vertex 0.0027513 -0.0110548 -0.15
   vertex 0.000267058 -0.0118788 -0.15
  endloop
 endfacet
 facet normal 0 0 1
  outer loop
   vertex 0.00312991 -0.0107976 -0.15
   vertex -0.000297452 -0.0118805 -0.15
   vertex 0.0029419 -0.0109309 -0.15
  endloop
 endfacet
 facet normal -0 0 1
  outer loop
   vertex -0.000297452 -0.0118805 -0.15
   vertex -0.000148592 -0.0118933 -0.15
   vertex 0.0029419 -0.0109309 -0.15
  endloop
 endfacet
 facet normal 0 0 1
  outer loop
   vertex 0.0029419 -0.0109309 -0.15
   vertex -0.000148592 -0.0118933 -0.15
   vertex 0.0027513 -0.0110548 -0.15
  endloop
 endfacet
 facet normal -0 0 1
  outer loop
   vertex -0.000148592 -0.0118933 -0.15
   vertex -2.91466e-18 -0.0119 -0.15
   vertex 0.0027513 -0.0110548 -0.15
  endloop
 endfacet
 facet normal 0 0 1
  outer loop
   vertex 0.0027513 -0.0110548 -0.15
   vertex -2.91466e-18 -0.0119 -0.15
   vertex 0.000267058 -0.0118788 -0.15
  endloop
 endfacet
 facet normal 0 0 1
  outer loop
   vertex 0.000267058 0.0118788 -0.15
   vertex 0.0027513 0.0110548 -0.15
   vertex 0.00255751 0.0111698 -0.15
  endloop
 endfacet
 facet normal 0 0 1
  outer loop
   vertex 0.00331588 0.010654 -0.15
   vertex 0.00312991 0.0107976 -0.15
   vertex -0.000297452 0.0118805 -0.15
  endloop
 endfacet
 facet normal 0 0 1
  outer loop
   vertex 0.00312991 0.0107976 -0.15
   vertex 0.0029419 0.0109309 -0.15
   vertex -0.000297452 0.0118805 -0.15
  endloop
 endfacet
 facet normal -0 0 1
  outer loop
   vertex -0.000297452 0.0118805 -0.15
   vertex 0.0029419 0.0109309 -0.15
   vertex -0.000148592 0.0118933 -0.15
  endloop
 endfacet
 facet normal 0 0 1
  outer loop
   vertex 0.0029419 0.0109309 -0.15
   vertex 0.0027513 0.0110548 -0.15
   vertex -0.000148592 0.0118933 -0.15
  endloop
 endfacet
 facet normal -0 0 1
  outer loop
   vertex -0.000148592 0.0118933 -0.15
   vertex 0.0027513 0.0110548 -0.15
   vertex -2.91466e-18 0.0119 -0.15
  endloop
 endfacet
 facet normal 0 0 1
  outer loop
   vertex 0.0027513 0.0110548 -0.15
   vertex 0.000267058 0.0118788 -0.15
   vertex -2.91466e-18 0.0119 -0.15
  endloop
 endfacet
 facet normal 0 -0 1
  outer loop
   vertex 0.00195045 -0.0114657 -0.15
   vertex 0.00215781 -0.011375 -0.15
   vertex 0.000267058 -0.0118788 -0.15
  endloop
 endfacet
 facet normal 0 -0 1
  outer loop
   vertex 0.00215781 -0.011375 -0.15
   vertex 0.00235991 -0.0112764 -0.15
   vertex 0.000267058 -0.0118788 -0.15
  endloop
 endfacet
 facet normal 0 0 1
  outer loop
   vertex 0.000267058 -0.0118788 -0.15
   vertex 0.00235991 -0.0112764 -0.15
   vertex 0.00255751 -0.0111698 -0.15
  endloop
 endfacet
 facet normal 0 0 1
  outer loop
   vertex 0.00255751 0.0111698 -0.15
   vertex 0.00235991 0.0112764 -0.15
   vertex 0.000267058 0.0118788 -0.15
  endloop
 endfacet
 facet normal 0 0 1
  outer loop
   vertex 0.00235991 0.0112764 -0.15
   vertex 0.00215781 0.011375 -0.15
   vertex 0.000267058 0.0118788 -0.15
  endloop
 endfacet
 facet normal 0 0 1
  outer loop
   vertex 0.000267058 0.0118788 -0.15
   vertex 0.00215781 0.011375 -0.15
   vertex 0.00195045 0.0114657 -0.15
  endloop
 endfacet
 facet normal 0 -0 1
  outer loop
   vertex 0.00128798 -0.011692 -0.15
   vertex 0.00151652 -0.0116243 -0.15
   vertex 0.000267058 -0.0118788 -0.15
  endloop
 endfacet
 facet normal 0 -0 1
  outer loop
   vertex 0.00151652 -0.0116243 -0.15
   vertex 0.001737 -0.0115488 -0.15
   vertex 0.000267058 -0.0118788 -0.15
  endloop
 endfacet
 facet normal 0 0 1
  outer loop
   vertex 0.000267058 -0.0118788 -0.15
   vertex 0.001737 -0.0115488 -0.15
   vertex 0.00195045 -0.0114657 -0.15
  endloop
 endfacet
 facet normal 0 0 1
  outer loop
   vertex 0.00195045 0.0114657 -0.15
   vertex 0.001737 0.0115488 -0.15
   vertex 0.000267058 0.0118788 -0.15
  endloop
 endfacet
 facet normal 0 0 1
  outer loop
   vertex 0.001737 0.0115488 -0.15
   vertex 0.00151652 0.0116243 -0.15
   vertex 0.000267058 0.0118788 -0.15
  endloop
 endfacet
 facet normal 0 0 1
  outer loop
   vertex 0.000267058 0.0118788 -0.15
   vertex 0.00151652 0.0116243 -0.15
   vertex 0.00128798 0.011692 -0.15
  endloop
 endfacet
 facet normal 0 -0 1
  outer loop
   vertex 0.000541245 -0.0118458 -0.15
   vertex 0.000801784 -0.0118032 -0.15
   vertex 0.000267058 -0.0118788 -0.15
  endloop
 endfacet
 facet normal 0 -0 1
  outer loop
   vertex 0.000801784 -0.0118032 -0.15
   vertex 0.00105018 -0.0117518 -0.15
   vertex 0.000267058 -0.0118788 -0.15
  endloop
 endfacet
 facet normal 0 0 1
  outer loop
   vertex 0.000267058 -0.0118788 -0.15
   vertex 0.00105018 -0.0117518 -0.15
   vertex 0.00128798 -0.011692 -0.15
  endloop
 endfacet
 facet normal 0 0 1
  outer loop
   vertex 0.00128798 0.011692 -0.15
   vertex 0.00105018 0.0117518 -0.15
   vertex 0.000267058 0.0118788 -0.15
  endloop
 endfacet
 facet normal 0 0 1
  outer loop
   vertex 0.00105018 0.0117518 -0.15
   vertex 0.000801784 0.0118032 -0.15
   vertex 0.000267058 0.0118788 -0.15
  endloop
 endfacet
 facet normal 0 0 1
  outer loop
   vertex 0.000267058 0.0118788 -0.15
   vertex 0.000801784 0.0118032 -0.15
   vertex 0.000541245 0.0118458 -0.15
  endloop
 endfacet
 facet normal -0.0791369 0.996864 0
  outer loop
   vertex -2.91466e-18 -0.0119 -0.15
   vertex -2.91466e-18 -0.0119 0.15
   vertex 0.000267058 -0.0118788 0.15
  endloop
 endfacet
 facet normal -0.0791369 0.996864 0
  outer loop
   vertex -2.91466e-18 -0.0119 -0.15
   vertex 0.000267058 -0.0118788 0.15
   vertex 0.000267058 -0.0118788 -0.15
  endloop
 endfacet
 facet normal -0.119492 0.992835 0
  outer loop
   vertex 0.000267058 -0.0118788 0.15
   vertex 0.000541245 -0.0118458 0.15
   vertex 0.000267058 -0.0118788 -0.15
  endloop
 endfacet
 facet normal -0.119492 0.992835 0
  outer loop
   vertex 0.000267058 -0.0118788 -0.15
   vertex 0.000541245 -0.0118458 0.15
   vertex 0.000541245 -0.0118458 -0.15
  endloop
 endfacet
 facet normal -0.161366 0.986895 0
  outer loop
   vertex 0.000541245 -0.0118458 0.15
   vertex 0.000801784 -0.0118032 0.15
   vertex 0.000541245 -0.0118458 -0.15
  endloop
 endfacet
 facet normal -0.161366 0.986895 0
  outer loop
   vertex 0.000541245 -0.0118458 -0.15
   vertex 0.000801784 -0.0118032 0.15
   vertex 0.000801784 -0.0118032 -0.15
  endloop
 endfacet
 facet normal -0.202634 0.979255 0
  outer loop
   vertex 0.000801784 -0.0118032 0.15
   vertex 0.00105018 -0.0117518 0.15
   vertex 0.000801784 -0.0118032 -0.15
  endloop
 endfacet
 facet normal -0.202634 0.979255 0
  outer loop
   vertex 0.000801784 -0.0118032 -0.15
   vertex 0.00105018 -0.0117518 0.15
   vertex 0.00105018 -0.0117518 -0.15
  endloop
 endfacet
 facet normal -0.24388 0.969805 0
  outer loop
   vertex 0.00105018 -0.0117518 0.15
   vertex 0.00128798 -0.011692 0.15
   vertex 0.00105018 -0.0117518 -0.15
  endloop
 endfacet
 facet normal -0.24388 0.969805 0
  outer loop
   vertex 0.00105018 -0.0117518 -0.15
   vertex 0.00128798 -0.011692 0.15
   vertex 0.00128798 -0.011692 -0.15
  endloop
 endfacet
 facet normal -0.284027 0.958816 0
  outer loop
   vertex 0.00128798 -0.011692 0.15
   vertex 0.00151652 -0.0116243 0.15
   vertex 0.00128798 -0.011692 -0.15
  endloop
 endfacet
 facet normal -0.284027 0.958816 0
  outer loop
   vertex 0.00128798 -0.011692 -0.15
   vertex 0.00151652 -0.0116243 0.15
   vertex 0.00151652 -0.0116243 -0.15
  endloop
 endfacet
 facet normal -0.323965 0.946069 0
  outer loop
   vertex 0.00151652 -0.0116243 0.15
   vertex 0.001737 -0.0115488 0.15
   vertex 0.00151652 -0.0116243 -0.15
  endloop
 endfacet
 facet normal -0.323965 0.946069 0
  outer loop
   vertex 0.00151652 -0.0116243 -0.15
   vertex 0.001737 -0.0115488 0.15
   vertex 0.001737 -0.0115488 -0.15
  endloop
 endfacet
 facet normal -0.362794 0.931869 0
  outer loop
   vertex 0.001737 -0.0115488 0.15
   vertex 0.00195045 -0.0114657 0.15
   vertex 0.001737 -0.0115488 -0.15
  endloop
 endfacet
 facet normal -0.362794 0.931869 0
  outer loop
   vertex 0.001737 -0.0115488 -0.15
   vertex 0.00195045 -0.0114657 0.15
   vertex 0.00195045 -0.0114657 -0.15
  endloop
 endfacet
 facet normal -0.400747 0.916189 0
  outer loop
   vertex 0.00195045 -0.0114657 0.15
   vertex 0.00215781 -0.011375 0.15
   vertex 0.00195045 -0.0114657 -0.15
  endloop
 endfacet
 facet normal -0.400747 0.916189 0
  outer loop
   vertex 0.00195045 -0.0114657 -0.15
   vertex 0.00215781 -0.011375 0.15
   vertex 0.00215781 -0.011375 -0.15
  endloop
 endfacet
 facet normal -0.438476 0.898743 0
  outer loop
   vertex 0.00215781 -0.011375 0.15
   vertex 0.00235991 -0.0112764 0.15
   vertex 0.00215781 -0.011375 -0.15
  endloop
 endfacet
 facet normal -0.438476 0.898743 0
  outer loop
   vertex 0.00215781 -0.011375 -0.15
   vertex 0.00235991 -0.0112764 0.15
   vertex 0.00235991 -0.0112764 -0.15
  endloop
 endfacet
 facet normal -0.47479 0.880099 0
  outer loop
   vertex 0.00235991 -0.0112764 0.15
   vertex 0.00255751 -0.0111698 0.15
   vertex 0.00235991 -0.0112764 -0.15
  endloop
 endfacet
 facet normal -0.47479 0.880099 0
  outer loop
   vertex 0.00235991 -0.0112764 -0.15
   vertex 0.00255751 -0.0111698 0.15
   vertex 0.00255751 -0.0111698 -0.15
  endloop
 endfacet
 facet normal -0.510332 0.859978 0
  outer loop
   vertex 0.00255751 -0.0111698 0.15
   vertex 0.0027513 -0.0110548 0.15
   vertex 0.00255751 -0.0111698 -0.15
  endloop
 endfacet
 facet normal -0.510332 0.859978 0
  outer loop
   vertex 0.00255751 -0.0111698 -0.15
   vertex 0.0027513 -0.0110548 0.15
   vertex 0.0027513 -0.0110548 -0.15
  endloop
 endfacet
 facet normal -0.545018 0.838424 0
  outer loop
   vertex 0.0027513 -0.0110548 0.15
   vertex 0.0029419 -0.0109309 0.15
   vertex 0.0027513 -0.0110548 -0.15
  endloop
 endfacet
 facet normal -0.545018 0.838424 0
  outer loop
   vertex 0.0027513 -0.0110548 -0.15
   vertex 0.0029419 -0.0109309 0.15
   vertex 0.0029419 -0.0109309 -0.15
  endloop
 endfacet
 facet normal -0.578383 0.815766 0
  outer loop
   vertex 0.0029419 -0.0109309 0.15
   vertex 0.00312991 -0.0107976 0.15
   vertex 0.0029419 -0.0109309 -0.15
  endloop
 endfacet
 facet normal -0.578383 0.815766 0
  outer loop
   vertex 0.0029419 -0.0109309 -0.15
   vertex 0.00312991 -0.0107976 0.15
   vertex 0.00312991 -0.0107976 -0.15
  endloop
 endfacet
 facet normal -0.611172 0.791498 0
  outer loop
   vertex 0.00312991 -0.0107976 0.15
   vertex 0.00331588 -0.010654 0.15
   vertex 0.00312991 -0.0107976 -0.15
  endloop
 endfacet
 facet normal -0.611172 0.791498 0
  outer loop
   vertex 0.00312991 -0.0107976 -0.15
   vertex 0.00331588 -0.010654 0.15
   vertex 0.00331588 -0.010654 -0.15
  endloop
 endfacet
 facet normal -0.642429 0.766346 0
  outer loop
   vertex 0.00331588 -0.010654 0.15
   vertex 0.0035003 -0.0104994 0.15
   vertex 0.00331588 -0.010654 -0.15
  endloop
 endfacet
 facet normal -0.642429 0.766346 0
  outer loop
   vertex 0.00331588 -0.010654 -0.15
   vertex 0.0035003 -0.0104994 0.15
   vertex 0.0035003 -0.0104994 -0.15
  endloop
 endfacet
 facet normal -0.672471 0.740123 0
  outer loop
   vertex 0.0035003 -0.0104994 0.15
   vertex 0.00368366 -0.0103328 0.15
   vertex 0.0035003 -0.0104994 -0.15
  endloop
 endfacet
 facet normal -0.672471 0.740123 0
  outer loop
   vertex 0.0035003 -0.0104994 -0.15
   vertex 0.00368366 -0.0103328 0.15
   vertex 0.00368366 -0.0103328 -0.15
  endloop
 endfacet
 facet normal -0.701362 0.712806 0
  outer loop
   vertex 0.00368366 -0.0103328 0.15
   vertex 0.00386365 -0.0101557 0.15
   vertex 0.00368366 -0.0103328 -0.15
  endloop
 endfacet
 facet normal -0.701362 0.712806 0
  outer loop
   vertex 0.00368366 -0.0103328 -0.15
   vertex 0.00386365 -0.0101557 0.15
   vertex 0.00386365 -0.0101557 -0.15
  endloop
 endfacet
 facet normal -0.728838 0.684687 0
  outer loop
   vertex 0.00386365 -0.0101557 0.15
   vertex 0.00404633 -0.00996124 0.15
   vertex 0.00386365 -0.0101557 -0.15
  endloop
 endfacet
 facet normal -0.728838 0.684687 0
  outer loop
   vertex 0.00386365 -0.0101557 -0.15
   vertex 0.00404633 -0.00996124 0.15
   vertex 0.00404633 -0.00996124 -0.15
  endloop
 endfacet
 facet normal -0.755339 0.655334 0
  outer loop
   vertex 0.00404633 -0.00996124 0.15
   vertex 0.00422923 -0.00975043 0.15
   vertex 0.00404633 -0.00996124 -0.15
  endloop
 endfacet
 facet normal -0.755339 0.655334 0
  outer loop
   vertex 0.00404633 -0.00996124 -0.15
   vertex 0.00422923 -0.00975043 0.15
   vertex 0.00422923 -0.00975043 -0.15
  endloop
 endfacet
 facet normal -0.780505 0.625149 0
  outer loop
   vertex 0.00422923 -0.00975043 0.15
   vertex 0.00441284 -0.00952119 0.15
   vertex 0.00422923 -0.00975043 -0.15
  endloop
 endfacet
 facet normal -0.780505 0.625149 0
  outer loop
   vertex 0.00422923 -0.00975043 -0.15
   vertex 0.00441284 -0.00952119 0.15
   vertex 0.00441284 -0.00952119 -0.15
  endloop
 endfacet
 facet normal -0.804341 0.594168 0
  outer loop
   vertex 0.00441284 -0.00952119 0.15
   vertex 0.00459756 -0.00927113 0.15
   vertex 0.00441284 -0.00952119 -0.15
  endloop
 endfacet
 facet normal -0.804341 0.594168 0
  outer loop
   vertex 0.00441284 -0.00952119 -0.15
   vertex 0.00459756 -0.00927113 0.15
   vertex 0.00459756 -0.00927113 -0.15
  endloop
 endfacet
 facet normal -0.826791 0.562509 0
  outer loop
   vertex 0.00459756 -0.00927113 0.15
   vertex 0.00478384 -0.00899733 0.15
   vertex 0.00459756 -0.00927113 -0.15
  endloop
 endfacet
 facet normal -0.826791 0.562509 0
  outer loop
   vertex 0.00459756 -0.00927113 -0.15
   vertex 0.00478384 -0.00899733 0.15
   vertex 0.00478384 -0.00899733 -0.15
  endloop
 endfacet
 facet normal -0.84785 0.530236 0
  outer loop
   vertex 0.00478384 -0.00899733 0.15
   vertex 0.00497212 -0.00869627 0.15
   vertex 0.00478384 -0.00899733 -0.15
  endloop
 endfacet
 facet normal -0.84785 0.530236 0
  outer loop
   vertex 0.00478384 -0.00899733 -0.15
   vertex 0.00497212 -0.00869627 0.15
   vertex 0.00497212 -0.00869627 -0.15
  endloop
 endfacet
 facet normal -0.867491 0.497453 0
  outer loop
   vertex 0.00497212 -0.00869627 0.15
   vertex 0.00516288 -0.00836361 0.15
   vertex 0.00497212 -0.00869627 -0.15
  endloop
 endfacet
 facet normal -0.867491 0.497453 0
  outer loop
   vertex 0.00497212 -0.00869627 -0.15
   vertex 0.00516288 -0.00836361 0.15
   vertex 0.00516288 -0.00836361 -0.15
  endloop
 endfacet
 facet normal -0.885692 0.464273 0
  outer loop
   vertex 0.00516288 -0.00836361 0.15
   vertex 0.00535669 -0.00799388 0.15
   vertex 0.00516288 -0.00836361 -0.15
  endloop
 endfacet
 facet normal -0.885692 0.464273 0
  outer loop
   vertex 0.00516288 -0.00836361 -0.15
   vertex 0.00535669 -0.00799388 0.15
   vertex 0.00535669 -0.00799388 -0.15
  endloop
 endfacet
 facet normal -0.902404 0.43089 0
  outer loop
   vertex 0.00535669 -0.00799388 0.15
   vertex 0.00555429 -0.00758005 0.15
   vertex 0.00535669 -0.00799388 -0.15
  endloop
 endfacet
 facet normal -0.902404 0.43089 0
  outer loop
   vertex 0.00535669 -0.00799388 -0.15
   vertex 0.00555429 -0.00758005 0.15
   vertex 0.00555429 -0.00758005 -0.15
  endloop
 endfacet
 facet normal -0.917622 0.397454 0
  outer loop
   vertex 0.00555429 -0.00758005 0.15
   vertex 0.00575672 -0.00711269 0.15
   vertex 0.00555429 -0.00758005 -0.15
  endloop
 endfacet
 facet normal -0.917622 0.397454 0
  outer loop
   vertex 0.00555429 -0.00758005 -0.15
   vertex 0.00575672 -0.00711269 0.15
   vertex 0.00575672 -0.00711269 -0.15
  endloop
 endfacet
 facet normal -0.932174 0.36201 0
  outer loop
   vertex 0.00575672 -0.00711269 0.15
   vertex 0.00599434 -0.00650082 0.15
   vertex 0.00575672 -0.00711269 -0.15
  endloop
 endfacet
 facet normal -0.932174 0.36201 0
  outer loop
   vertex 0.00575672 -0.00711269 -0.15
   vertex 0.00599434 -0.00650082 0.15
   vertex 0.00599434 -0.00650082 -0.15
  endloop
 endfacet
 facet normal -0.945945 0.324326 0
  outer loop
   vertex 0.00599434 -0.00650082 0.15
   vertex 0.00625431 -0.00574258 0.15
   vertex 0.00599434 -0.00650082 -0.15
  endloop
 endfacet
 facet normal -0.945945 0.324326 0
  outer loop
   vertex 0.00599434 -0.00650082 -0.15
   vertex 0.00625431 -0.00574258 0.15
   vertex 0.00625431 -0.00574258 -0.15
  endloop
 endfacet
 facet normal -0.95852 0.285026 0
  outer loop
   vertex 0.00625431 -0.00574258 0.15
   vertex 0.00647546 -0.00499887 0.15
   vertex 0.00625431 -0.00574258 -0.15
  endloop
 endfacet
 facet normal -0.95852 0.285026 0
  outer loop
   vertex 0.00625431 -0.00574258 -0.15
   vertex 0.00647546 -0.00499887 0.15
   vertex 0.00647546 -0.00499887 -0.15
  endloop
 endfacet
 facet normal -0.969688 0.244345 0
  outer loop
   vertex 0.00647546 -0.00499887 0.15
   vertex 0.00665746 -0.0042766 0.15
   vertex 0.00647546 -0.00499887 -0.15
  endloop
 endfacet
 facet normal -0.969688 0.244345 0
  outer loop
   vertex 0.00647546 -0.00499887 -0.15
   vertex 0.00665746 -0.0042766 0.15
   vertex 0.00665746 -0.0042766 -0.15
  endloop
 endfacet
 facet normal -0.979164 0.203071 0
  outer loop
   vertex 0.00665746 -0.0042766 0.15
   vertex 0.00680089 -0.00358501 0.15
   vertex 0.00665746 -0.0042766 -0.15
  endloop
 endfacet
 facet normal -0.979164 0.203071 0
  outer loop
   vertex 0.00665746 -0.0042766 -0.15
   vertex 0.00680089 -0.00358501 0.15
   vertex 0.00680089 -0.00358501 -0.15
  endloop
 endfacet
 facet normal -0.986826 0.161783 0
  outer loop
   vertex 0.00680089 -0.00358501 0.15
   vertex 0.00691055 -0.00291612 0.15
   vertex 0.00680089 -0.00358501 -0.15
  endloop
 endfacet
 facet normal -0.986826 0.161783 0
  outer loop
   vertex 0.00680089 -0.00358501 -0.15
   vertex 0.00691055 -0.00291612 0.15
   vertex 0.00691055 -0.00291612 -0.15
  endloop
 endfacet
 facet normal -0.992703 0.120589 0
  outer loop
   vertex 0.00691055 -0.00291612 0.15
   vertex 0.00698994 -0.00226257 0.15
   vertex 0.00691055 -0.00291612 -0.15
  endloop
 endfacet
 facet normal -0.992703 0.120589 0
  outer loop
   vertex 0.00691055 -0.00291612 -0.15
   vertex 0.00698994 -0.00226257 0.15
   vertex 0.00698994 -0.00226257 -0.15
  endloop
 endfacet
 facet normal -0.996832 0.0795395 0
  outer loop
   vertex 0.00698994 -0.00226257 0.15
   vertex 0.00704141 -0.00161752 0.15
   vertex 0.00698994 -0.00226257 -0.15
  endloop
 endfacet
 facet normal -0.996832 0.0795395 0
  outer loop
   vertex 0.00698994 -0.00226257 -0.15
   vertex 0.00704141 -0.00161752 0.15
   vertex 0.00704141 -0.00161752 -0.15
  endloop
 endfacet
 facet normal -0.999249 0.0387414 0
  outer loop
   vertex 0.00704141 -0.00161752 0.15
   vertex 0.00706635 -0.00097425 0.15
   vertex 0.00704141 -0.00161752 -0.15
  endloop
 endfacet
 facet normal -0.999249 0.0387414 0
  outer loop
   vertex 0.00704141 -0.00161752 -0.15
   vertex 0.00706635 -0.00097425 0.15
   vertex 0.00706635 -0.00097425 -0.15
  endloop
 endfacet
 facet normal -0.999999 -0.00172694 -0
  outer loop
   vertex 0.00706635 -0.00097425 0.15
   vertex 0.00706523 -0.000325755 0.15
   vertex 0.00706635 -0.00097425 -0.15
  endloop
 endfacet
 facet normal -0.999999 -0.00172694 0
  outer loop
   vertex 0.00706635 -0.00097425 -0.15
   vertex 0.00706523 -0.000325755 0.15
   vertex 0.00706523 -0.000325755 -0.15
  endloop
 endfacet
 facet normal -0.9995 -0.0316343 -0
  outer loop
   vertex 0.00706523 -0.000325755 0.15
   vertex 0.00705492 -6.99971e-19 0.15
   vertex 0.00706523 -0.000325755 -0.15
  endloop
 endfacet
 facet normal -0.9995 -0.0316343 0
  outer loop
   vertex 0.00706523 -0.000325755 -0.15
   vertex 0.00705492 -6.99971e-19 0.15
   vertex 0.00705492 -6.99971e-19 -0.15
  endloop
 endfacet
 facet normal 0.966779 0.255615 -0
  outer loop
   vertex -0.0119 -0 -0.15
   vertex -0.0119 -0 0.15
   vertex -0.0118517 -0.00018268 0.15
  endloop
 endfacet
 facet normal 0.966779 0.255615 0
  outer loop
   vertex -0.0119 -0 -0.15
   vertex -0.0118517 -0.00018268 0.15
   vertex -0.0118517 -0.00018268 -0.15
  endloop
 endfacet
 facet normal 0.959145 0.282914 0
  outer loop
   vertex -0.0118517 -0.00018268 0.15
   vertex -0.0117297 -0.000596291 0.15
   vertex -0.0118517 -0.00018268 -0.15
  endloop
 endfacet
 facet normal 0.959145 0.282914 0
  outer loop
   vertex -0.0118517 -0.00018268 -0.15
   vertex -0.0117297 -0.000596291 0.15
   vertex -0.0117297 -0.000596291 -0.15
  endloop
 endfacet
 facet normal 0.947252 0.320489 0
  outer loop
   vertex -0.0117297 -0.000596291 0.15
   vertex -0.0115811 -0.0010355 0.15
   vertex -0.0117297 -0.000596291 -0.15
  endloop
 endfacet
 facet normal 0.947252 0.320489 0
  outer loop
   vertex -0.0117297 -0.000596291 -0.15
   vertex -0.0115811 -0.0010355 0.15
   vertex -0.0115811 -0.0010355 -0.15
  endloop
 endfacet
 facet normal 0.934033 0.357187 0
  outer loop
   vertex -0.0115811 -0.0010355 0.15
   vertex -0.0114026 -0.00150227 0.15
   vertex -0.0115811 -0.0010355 -0.15
  endloop
 endfacet
 facet normal 0.934033 0.357187 0
  outer loop
   vertex -0.0115811 -0.0010355 -0.15
   vertex -0.0114026 -0.00150227 0.15
   vertex -0.0114026 -0.00150227 -0.15
  endloop
 endfacet
 facet normal 0.919297 0.393564 0
  outer loop
   vertex -0.0114026 -0.00150227 0.15
   vertex -0.0111902 -0.0019984 0.15
   vertex -0.0114026 -0.00150227 -0.15
  endloop
 endfacet
 facet normal 0.919297 0.393564 0
  outer loop
   vertex -0.0114026 -0.00150227 -0.15
   vertex -0.0111902 -0.0019984 0.15
   vertex -0.0111902 -0.0019984 -0.15
  endloop
 endfacet
 facet normal 0.903269 0.429076 0
  outer loop
   vertex -0.0111902 -0.0019984 0.15
   vertex -0.0109399 -0.00252532 0.15
   vertex -0.0111902 -0.0019984 -0.15
  endloop
 endfacet
 facet normal 0.903269 0.429076 0
  outer loop
   vertex -0.0111902 -0.0019984 -0.15
   vertex -0.0109399 -0.00252532 0.15
   vertex -0.0109399 -0.00252532 -0.15
  endloop
 endfacet
 facet normal 0.885797 0.464072 0
  outer loop
   vertex -0.0109399 -0.00252532 0.15
   vertex -0.0106473 -0.00308382 0.15
   vertex -0.0109399 -0.00252532 -0.15
  endloop
 endfacet
 facet normal 0.885797 0.464072 0
  outer loop
   vertex -0.0109399 -0.00252532 -0.15
   vertex -0.0106473 -0.00308382 0.15
   vertex -0.0106473 -0.00308382 -0.15
  endloop
 endfacet
 facet normal 0.867003 0.498302 0
  outer loop
   vertex -0.0106473 -0.00308382 0.15
   vertex -0.0103083 -0.00367365 0.15
   vertex -0.0106473 -0.00308382 -0.15
  endloop
 endfacet
 facet normal 0.867003 0.498302 0
  outer loop
   vertex -0.0106473 -0.00308382 -0.15
   vertex -0.0103083 -0.00367365 0.15
   vertex -0.0103083 -0.00367365 -0.15
  endloop
 endfacet
 facet normal 0.846814 0.531889 0
  outer loop
   vertex -0.0103083 -0.00367365 0.15
   vertex -0.00991922 -0.0042931 0.15
   vertex -0.0103083 -0.00367365 -0.15
  endloop
 endfacet
 facet normal 0.846814 0.531889 0
  outer loop
   vertex -0.0103083 -0.00367365 -0.15
   vertex -0.00991922 -0.0042931 0.15
   vertex -0.00991922 -0.0042931 -0.15
  endloop
 endfacet
 facet normal 0.825396 0.564554 0
  outer loop
   vertex -0.00991922 -0.0042931 0.15
   vertex -0.00947791 -0.00493831 0.15
   vertex -0.00991922 -0.0042931 -0.15
  endloop
 endfacet
 facet normal 0.825396 0.564554 0
  outer loop
   vertex -0.00991922 -0.0042931 -0.15
   vertex -0.00947791 -0.00493831 0.15
   vertex -0.00947791 -0.00493831 -0.15
  endloop
 endfacet
 facet normal 0.801402 0.598127 0
  outer loop
   vertex -0.00947791 -0.00493831 0.15
   vertex -0.00892773 -0.00567547 0.15
   vertex -0.00947791 -0.00493831 -0.15
  endloop
 endfacet
 facet normal 0.801402 0.598127 0
  outer loop
   vertex -0.00947791 -0.00493831 -0.15
   vertex -0.00892773 -0.00567547 0.15
   vertex -0.00892773 -0.00567547 -0.15
  endloop
 endfacet
 facet normal 0.774944 0.63203 0
  outer loop
   vertex -0.00892773 -0.00567547 0.15
   vertex -0.00832716 -0.00641184 0.15
   vertex -0.00892773 -0.00567547 -0.15
  endloop
 endfacet
 facet normal 0.774944 0.63203 0
  outer loop
   vertex -0.00892773 -0.00567547 -0.15
   vertex -0.00832716 -0.00641184 0.15
   vertex -0.00832716 -0.00641184 -0.15
  endloop
 endfacet
 facet normal 0.747517 0.664243 0
  outer loop
   vertex -0.00832716 -0.00641184 0.15
   vertex -0.00768951 -0.00712943 0.15
   vertex -0.00832716 -0.00641184 -0.15
  endloop
 endfacet
 facet normal 0.747517 0.664243 0
  outer loop
   vertex -0.00832716 -0.00641184 -0.15
   vertex -0.00768951 -0.00712943 0.15
   vertex -0.00768951 -0.00712943 -0.15
  endloop
 endfacet
 facet normal 0.71923 0.694772 0
  outer loop
   vertex -0.00768951 -0.00712943 0.15
   vertex -0.00702963 -0.00781254 0.15
   vertex -0.00768951 -0.00712943 -0.15
  endloop
 endfacet
 facet normal 0.71923 0.694772 0
  outer loop
   vertex -0.00768951 -0.00712943 -0.15
   vertex -0.00702963 -0.00781254 0.15
   vertex -0.00702963 -0.00781254 -0.15
  endloop
 endfacet
 facet normal 0.697113 0.716961 0
  outer loop
   vertex -0.00702963 -0.00781254 0.15
   vertex -0.00668394 -0.00814866 0.15
   vertex -0.00702963 -0.00781254 -0.15
  endloop
 endfacet
 facet normal 0.697113 0.716961 0
  outer loop
   vertex -0.00702963 -0.00781254 -0.15
   vertex -0.00668394 -0.00814866 0.15
   vertex -0.00668394 -0.00814866 -0.15
  endloop
 endfacet
 facet normal 0.674859 0.737947 0
  outer loop
   vertex -0.00668394 -0.00814866 0.15
   vertex -0.00602996 -0.00874673 0.15
   vertex -0.00668394 -0.00814866 -0.15
  endloop
 endfacet
 facet normal 0.674859 0.737947 0
  outer loop
   vertex -0.00668394 -0.00814866 -0.15
   vertex -0.00602996 -0.00874673 0.15
   vertex -0.00602996 -0.00874673 -0.15
  endloop
 endfacet
 facet normal 0.644986 0.764194 0
  outer loop
   vertex -0.00602996 -0.00874673 0.15
   vertex -0.00539845 -0.00927973 0.15
   vertex -0.00602996 -0.00874673 -0.15
  endloop
 endfacet
 facet normal 0.644986 0.764194 0
  outer loop
   vertex -0.00602996 -0.00874673 -0.15
   vertex -0.00539845 -0.00927973 0.15
   vertex -0.00539845 -0.00927973 -0.15
  endloop
 endfacet
 facet normal 0.614527 0.788896 0
  outer loop
   vertex -0.00539845 -0.00927973 0.15
   vertex -0.00480088 -0.00974522 0.15
   vertex -0.00539845 -0.00927973 -0.15
  endloop
 endfacet
 facet normal 0.614527 0.788896 0
  outer loop
   vertex -0.00539845 -0.00927973 -0.15
   vertex -0.00480088 -0.00974522 0.15
   vertex -0.00480088 -0.00974522 -0.15
  endloop
 endfacet
 facet normal 0.583433 0.812161 0
  outer loop
   vertex -0.00480088 -0.00974522 0.15
   vertex -0.00424451 -0.0101449 0.15
   vertex -0.00480088 -0.00974522 -0.15
  endloop
 endfacet
 facet normal 0.583433 0.812161 0
  outer loop
   vertex -0.00480088 -0.00974522 -0.15
   vertex -0.00424451 -0.0101449 0.15
   vertex -0.00424451 -0.0101449 -0.15
  endloop
 endfacet
 facet normal 0.551816 0.833966 0
  outer loop
   vertex -0.00424451 -0.0101449 0.15
   vertex -0.00373278 -0.0104835 0.15
   vertex -0.00424451 -0.0101449 -0.15
  endloop
 endfacet
 facet normal 0.551816 0.833966 0
  outer loop
   vertex -0.00424451 -0.0101449 -0.15
   vertex -0.00373278 -0.0104835 0.15
   vertex -0.00373278 -0.0104835 -0.15
  endloop
 endfacet
 facet normal 0.519531 0.854451 0
  outer loop
   vertex -0.00373278 -0.0104835 0.15
   vertex -0.00326619 -0.0107672 0.15
   vertex -0.00373278 -0.0104835 -0.15
  endloop
 endfacet
 facet normal 0.519531 0.854451 0
  outer loop
   vertex -0.00373278 -0.0104835 -0.15
   vertex -0.00326619 -0.0107672 0.15
   vertex -0.00326619 -0.0107672 -0.15
  endloop
 endfacet
 facet normal 0.486712 0.873562 0
  outer loop
   vertex -0.00326619 -0.0107672 0.15
   vertex -0.00284315 -0.0110029 0.15
   vertex -0.00326619 -0.0107672 -0.15
  endloop
 endfacet
 facet normal 0.486712 0.873562 0
  outer loop
   vertex -0.00326619 -0.0107672 -0.15
   vertex -0.00284315 -0.0110029 0.15
   vertex -0.00284315 -0.0110029 -0.15
  endloop
 endfacet
 facet normal 0.452914 0.891554 0
  outer loop
   vertex -0.00284315 -0.0110029 0.15
   vertex -0.00246087 -0.0111971 0.15
   vertex -0.00284315 -0.0110029 -0.15
  endloop
 endfacet
 facet normal 0.452914 0.891554 0
  outer loop
   vertex -0.00284315 -0.0110029 -0.15
   vertex -0.00246087 -0.0111971 0.15
   vertex -0.00246087 -0.0111971 -0.15
  endloop
 endfacet
 facet normal 0.418794 0.908081 0
  outer loop
   vertex -0.00246087 -0.0111971 0.15
   vertex -0.00211589 -0.0113562 0.15
   vertex -0.00246087 -0.0111971 -0.15
  endloop
 endfacet
 facet normal 0.418794 0.908081 0
  outer loop
   vertex -0.00246087 -0.0111971 -0.15
   vertex -0.00211589 -0.0113562 0.15
   vertex -0.00211589 -0.0113562 -0.15
  endloop
 endfacet
 facet normal 0.383793 0.923419 0
  outer loop
   vertex -0.00211589 -0.0113562 0.15
   vertex -0.00180455 -0.0114856 0.15
   vertex -0.00211589 -0.0113562 -0.15
  endloop
 endfacet
 facet normal 0.383793 0.923419 0
  outer loop
   vertex -0.00211589 -0.0113562 -0.15
   vertex -0.00180455 -0.0114856 0.15
   vertex -0.00180455 -0.0114856 -0.15
  endloop
 endfacet
 facet normal 0.348539 0.937294 0
  outer loop
   vertex -0.00180455 -0.0114856 0.15
   vertex -0.00152326 -0.0115902 0.15
   vertex -0.00180455 -0.0114856 -0.15
  endloop
 endfacet
 facet normal 0.348539 0.937294 0
  outer loop
   vertex -0.00180455 -0.0114856 -0.15
   vertex -0.00152326 -0.0115902 0.15
   vertex -0.00152326 -0.0115902 -0.15
  endloop
 endfacet
 facet normal 0.312254 0.949999 0
  outer loop
   vertex -0.00152326 -0.0115902 0.15
   vertex -0.00126861 -0.0116739 0.15
   vertex -0.00152326 -0.0115902 -0.15
  endloop
 endfacet
 facet normal 0.312254 0.949999 0
  outer loop
   vertex -0.00152326 -0.0115902 -0.15
   vertex -0.00126861 -0.0116739 0.15
   vertex -0.00126861 -0.0116739 -0.15
  endloop
 endfacet
 facet normal 0.275753 0.961228 0
  outer loop
   vertex -0.00126861 -0.0116739 0.15
   vertex -0.0010375 -0.0117402 0.15
   vertex -0.00126861 -0.0116739 -0.15
  endloop
 endfacet
 facet normal 0.275753 0.961228 0
  outer loop
   vertex -0.00126861 -0.0116739 -0.15
   vertex -0.0010375 -0.0117402 0.15
   vertex -0.0010375 -0.0117402 -0.15
  endloop
 endfacet
 facet normal 0.238255 0.971203 0
  outer loop
   vertex -0.0010375 -0.0117402 0.15
   vertex -0.000827162 -0.0117918 0.15
   vertex -0.0010375 -0.0117402 -0.15
  endloop
 endfacet
 facet normal 0.238255 0.971203 0
  outer loop
   vertex -0.0010375 -0.0117402 -0.15
   vertex -0.000827162 -0.0117918 0.15
   vertex -0.000827162 -0.0117918 -0.15
  endloop
 endfacet
 facet normal 0.200967 0.979598 0
  outer loop
   vertex -0.000827162 -0.0117918 0.15
   vertex -0.000635112 -0.0118312 0.15
   vertex -0.000827162 -0.0117918 -0.15
  endloop
 endfacet
 facet normal 0.200967 0.979598 0
  outer loop
   vertex -0.000827162 -0.0117918 -0.15
   vertex -0.000635112 -0.0118312 0.15
   vertex -0.000635112 -0.0118312 -0.15
  endloop
 endfacet
 facet normal 0.162644 0.986685 0
  outer loop
   vertex -0.000635112 -0.0118312 0.15
   vertex -0.00045918 -0.0118602 0.15
   vertex -0.000635112 -0.0118312 -0.15
  endloop
 endfacet
 facet normal 0.162644 0.986685 0
  outer loop
   vertex -0.000635112 -0.0118312 -0.15
   vertex -0.00045918 -0.0118602 0.15
   vertex -0.00045918 -0.0118602 -0.15
  endloop
 endfacet
 facet normal 0.124542 0.992214 0
  outer loop
   vertex -0.00045918 -0.0118602 0.15
   vertex -0.000297452 -0.0118805 0.15
   vertex -0.00045918 -0.0118602 -0.15
  endloop
 endfacet
 facet normal 0.124542 0.992214 0
  outer loop
   vertex -0.00045918 -0.0118602 -0.15
   vertex -0.000297452 -0.0118805 0.15
   vertex -0.000297452 -0.0118805 -0.15
  endloop
 endfacet
 facet normal 0.0856713 0.996323 0
  outer loop
   vertex -0.000297452 -0.0118805 0.15
   vertex -0.000148592 -0.0118933 0.15
   vertex -0.000297452 -0.0118805 -0.15
  endloop
 endfacet
 facet normal 0.0856713 0.996323 0
  outer loop
   vertex -0.000297452 -0.0118805 -0.15
   vertex -0.000148592 -0.0118933 0.15
   vertex -0.000148592 -0.0118933 -0.15
  endloop
 endfacet
 facet normal 0.0450437 0.998985 0
  outer loop
   vertex -0.000148592 -0.0118933 0.15
   vertex -2.91466e-18 -0.0119 0.15
   vertex -0.000148592 -0.0118933 -0.15
  endloop
 endfacet
 facet normal 0.0450437 0.998985 0
  outer loop
   vertex -0.000148592 -0.0118933 -0.15
   vertex -2.91466e-18 -0.0119 0.15
   vertex -2.91466e-18 -0.0119 -0.15
  endloop
 endfacet
 facet normal -0.9995 0.0316343 0
  outer loop
   vertex 0.00705492 -6.99971e-19 -0.15
   vertex 0.00705492 -6.99971e-19 0.15
   vertex 0.00706523 0.000325755 0.15
  endloop
 endfacet
 facet normal -0.9995 0.0316343 0
  outer loop
   vertex 0.00705492 -6.99971e-19 -0.15
   vertex 0.00706523 0.000325755 0.15
   vertex 0.00706523 0.000325755 -0.15
  endloop
 endfacet
 facet normal -0.999999 0.00172694 0
  outer loop
   vertex 0.00706523 0.000325755 0.15
   vertex 0.00706635 0.00097425 0.15
   vertex 0.00706523 0.000325755 -0.15
  endloop
 endfacet
 facet normal -0.999999 0.00172694 0
  outer loop
   vertex 0.00706523 0.000325755 -0.15
   vertex 0.00706635 0.00097425 0.15
   vertex 0.00706635 0.00097425 -0.15
  endloop
 endfacet
 facet normal -0.999249 -0.0387414 -0
  outer loop
   vertex 0.00706635 0.00097425 0.15
   vertex 0.00704141 0.00161752 0.15
   vertex 0.00706635 0.00097425 -0.15
  endloop
 endfacet
 facet normal -0.999249 -0.0387414 0
  outer loop
   vertex 0.00706635 0.00097425 -0.15
   vertex 0.00704141 0.00161752 0.15
   vertex 0.00704141 0.00161752 -0.15
  endloop
 endfacet
 facet normal -0.996832 -0.0795395 -0
  outer loop
   vertex 0.00704141 0.00161752 0.15
   vertex 0.00698994 0.00226257 0.15
   vertex 0.00704141 0.00161752 -0.15
  endloop
 endfacet
 facet normal -0.996832 -0.0795395 0
  outer loop
   vertex 0.00704141 0.00161752 -0.15
   vertex 0.00698994 0.00226257 0.15
   vertex 0.00698994 0.00226257 -0.15
  endloop
 endfacet
 facet normal -0.992703 -0.120589 -0
  outer loop
   vertex 0.00698994 0.00226257 0.15
   vertex 0.00691055 0.00291612 0.15
   vertex 0.00698994 0.00226257 -0.15
  endloop
 endfacet
 facet normal -0.992703 -0.120589 0
  outer loop
   vertex 0.00698994 0.00226257 -0.15
   vertex 0.00691055 0.00291612 0.15
   vertex 0.00691055 0.00291612 -0.15
  endloop
 endfacet
 facet normal -0.986826 -0.161783 -0
  outer loop
   vertex 0.00691055 0.00291612 0.15
   vertex 0.00680089 0.00358501 0.15
   vertex 0.00691055 0.00291612 -0.15
  endloop
 endfacet
 facet normal -0.986826 -0.161783 0
  outer loop
   vertex 0.00691055 0.00291612 -0.15
   vertex 0.00680089 0.00358501 0.15
   vertex 0.00680089 0.00358501 -0.15
  endloop
 endfacet
 facet normal -0.979164 -0.203071 -0
  outer loop
   vertex 0.00680089 0.00358501 0.15
   vertex 0.00665746 0.0042766 0.15
   vertex 0.00680089 0.00358501 -0.15
  endloop
 endfacet
 facet normal -0.979164 -0.203071 0
  outer loop
   vertex 0.00680089 0.00358501 -0.15
   vertex 0.00665746 0.0042766 0.15
   vertex 0.00665746 0.0042766 -0.15
  endloop
 endfacet
 facet normal -0.969688 -0.244345 -0
  outer loop
   vertex 0.00665746 0.0042766 0.15
   vertex 0.00647546 0.00499887 0.15
   vertex 0.00665746 0.0042766 -0.15
  endloop
 endfacet
 facet normal -0.969688 -0.244345 0
  outer loop
   vertex 0.00665746 0.0042766 -0.15
   vertex 0.00647546 0.00499887 0.15
   vertex 0.00647546 0.00499887 -0.15
  endloop
 endfacet
 facet normal -0.95852 -0.285026 -0
  outer loop
   vertex 0.00647546 0.00499887 0.15
   vertex 0.00625431 0.00574258 0.15
   vertex 0.00647546 0.00499887 -0.15
  endloop
 endfacet
 facet normal -0.95852 -0.285026 0
  outer loop
   vertex 0.00647546 0.00499887 -0.15
   vertex 0.00625431 0.00574258 0.15
   vertex 0.00625431 0.00574258 -0.15
  endloop
 endfacet
 facet normal -0.945945 -0.324326 -0
  outer loop
   vertex 0.00625431 0.00574258 0.15
   vertex 0.00599434 0.00650082 0.15
   vertex 0.00625431 0.00574258 -0.15
  endloop
 endfacet
 facet normal -0.945945 -0.324326 0
  outer loop
   vertex 0.00625431 0.00574258 -0.15
   vertex 0.00599434 0.00650082 0.15
   vertex 0.00599434 0.00650082 -0.15
  endloop
 endfacet
 facet normal -0.932174 -0.36201 -0
  outer loop
   vertex 0.00599434 0.00650082 0.15
   vertex 0.00575672 0.00711269 0.15
   vertex 0.00599434 0.00650082 -0.15
  endloop
 endfacet
 facet normal -0.932174 -0.36201 0
  outer loop
   vertex 0.00599434 0.00650082 -0.15
   vertex 0.00575672 0.00711269 0.15
   vertex 0.00575672 0.00711269 -0.15
  endloop
 endfacet
 facet normal -0.917622 -0.397454 -0
  outer loop
   vertex 0.00575672 0.00711269 0.15
   vertex 0.00555429 0.00758005 0.15
   vertex 0.00575672 0.00711269 -0.15
  endloop
 endfacet
 facet normal -0.917622 -0.397454 0
  outer loop
   vertex 0.00575672 0.00711269 -0.15
   vertex 0.00555429 0.00758005 0.15
   vertex 0.00555429 0.00758005 -0.15
  endloop
 endfacet
 facet normal -0.902404 -0.43089 -0
  outer loop
   vertex 0.00555429 0.00758005 0.15
   vertex 0.00535669 0.00799388 0.15
   vertex 0.00555429 0.00758005 -0.15
  endloop
 endfacet
 facet normal -0.902404 -0.43089 0
  outer loop
   vertex 0.00555429 0.00758005 -0.15
   vertex 0.00535669 0.00799388 0.15
   vertex 0.00535669 0.00799388 -0.15
  endloop
 endfacet
 facet normal -0.885692 -0.464273 -0
  outer loop
   vertex 0.00535669 0.00799388 0.15
   vertex 0.00516288 0.00836361 0.15
   vertex 0.00535669 0.00799388 -0.15
  endloop
 endfacet
 facet normal -0.885692 -0.464273 0
  outer loop
   vertex 0.00535669 0.00799388 -0.15
   vertex 0.00516288 0.00836361 0.15
   vertex 0.00516288 0.00836361 -0.15
  endloop
 endfacet
 facet normal -0.867491 -0.497453 -0
  outer loop
   vertex 0.00516288 0.00836361 0.15
   vertex 0.00497212 0.00869627 0.15
   vertex 0.00516288 0.00836361 -0.15
  endloop
 endfacet
 facet normal -0.867491 -0.497453 0
  outer loop
   vertex 0.00516288 0.00836361 -0.15
   vertex 0.00497212 0.00869627 0.15
   vertex 0.00497212 0.00869627 -0.15
  endloop
 endfacet
 facet normal -0.84785 -0.530236 -0
  outer loop
   vertex 0.00497212 0.00869627 0.15
   vertex 0.00478384 0.00899733 0.15
   vertex 0.00497212 0.00869627 -0.15
  endloop
 endfacet
 facet normal -0.84785 -0.530236 0
  outer loop
   vertex 0.00497212 0.00869627 -0.15
   vertex 0.00478384 0.00899733 0.15
   vertex 0.00478384 0.00899733 -0.15
  endloop
 endfacet
 facet normal -0.826791 -0.562509 -0
  outer loop
   vertex 0.00478384 0.00899733 0.15
   vertex 0.00459756 0.00927113 0.15
   vertex 0.00478384 0.00899733 -0.15
  endloop
 endfacet
 facet normal -0.826791 -0.562509 0
  outer loop
   vertex 0.00478384 0.00899733 -0.15
   vertex 0.00459756 0.00927113 0.15
   vertex 0.00459756 0.00927113 -0.15
  endloop
 endfacet
 facet normal -0.804341 -0.594168 -0
  outer loop
   vertex 0.00459756 0.00927113 0.15
   vertex 0.00441284 0.00952119 0.15
   vertex 0.00459756 0.00927113 -0.15
  endloop
 endfacet
 facet normal -0.804341 -0.594168 0
  outer loop
   vertex 0.00459756 0.00927113 -0.15
   vertex 0.00441284 0.00952119 0.15
   vertex 0.00441284 0.00952119 -0.15
  endloop
 endfacet
 facet normal -0.780505 -0.625149 -0
  outer loop
   vertex 0.00441284 0.00952119 0.15
   vertex 0.00422923 0.00975043 0.15
   vertex 0.00441284 0.00952119 -0.15
  endloop
 endfacet
 facet normal -0.780505 -0.625149 0
  outer loop
   vertex 0.00441284 0.00952119 -0.15
   vertex 0.00422923 0.00975043 0.15
   vertex 0.00422923 0.00975043 -0.15
  endloop
 endfacet
 facet normal -0.755339 -0.655334 -0
  outer loop
   vertex 0.00422923 0.00975043 0.15
   vertex 0.00404633 0.00996124 0.15
   vertex 0.00422923 0.00975043 -0.15
  endloop
 endfacet
 facet normal -0.755339 -0.655334 0
  outer loop
   vertex 0.00422923 0.00975043 -0.15
   vertex 0.00404633 0.00996124 0.15
   vertex 0.00404633 0.00996124 -0.15
  endloop
 endfacet
 facet normal -0.728838 -0.684687 -0
  outer loop
   vertex 0.00404633 0.00996124 0.15
   vertex 0.00386365 0.0101557 0.15
   vertex 0.00404633 0.00996124 -0.15
  endloop
 endfacet
 facet normal -0.728838 -0.684687 0
  outer loop
   vertex 0.00404633 0.00996124 -0.15
   vertex 0.00386365 0.0101557 0.15
   vertex 0.00386365 0.0101557 -0.15
  endloop
 endfacet
 facet normal -0.701362 -0.712806 -0
  outer loop
   vertex 0.00386365 0.0101557 0.15
   vertex 0.00368366 0.0103328 0.15
   vertex 0.00386365 0.0101557 -0.15
  endloop
 endfacet
 facet normal -0.701362 -0.712806 0
  outer loop
   vertex 0.00386365 0.0101557 -0.15
   vertex 0.00368366 0.0103328 0.15
   vertex 0.00368366 0.0103328 -0.15
  endloop
 endfacet
 facet normal -0.672471 -0.740123 -0
  outer loop
   vertex 0.00368366 0.0103328 0.15
   vertex 0.0035003 0.0104994 0.15
   vertex 0.00368366 0.0103328 -0.15
  endloop
 endfacet
 facet normal -0.672471 -0.740123 0
  outer loop
   vertex 0.00368366 0.0103328 -0.15
   vertex 0.0035003 0.0104994 0.15
   vertex 0.0035003 0.0104994 -0.15
  endloop
 endfacet
 facet normal -0.642429 -0.766346 -0
  outer loop
   vertex 0.0035003 0.0104994 0.15
   vertex 0.00331588 0.010654 0.15
   vertex 0.0035003 0.0104994 -0.15
  endloop
 endfacet
 facet normal -0.642429 -0.766346 0
  outer loop
   vertex 0.0035003 0.0104994 -0.15
   vertex 0.00331588 0.010654 0.15
   vertex 0.00331588 0.010654 -0.15
  endloop
 endfacet
 facet normal -0.611172 -0.791498 -0
  outer loop
   vertex 0.00331588 0.010654 0.15
   vertex 0.00312991 0.0107976 0.15
   vertex 0.00331588 0.010654 -0.15
  endloop
 endfacet
 facet normal -0.611172 -0.791498 0
  outer loop
   vertex 0.00331588 0.010654 -0.15
   vertex 0.00312991 0.0107976 0.15
   vertex 0.00312991 0.0107976 -0.15
  endloop
 endfacet
 facet normal -0.578383 -0.815766 -0
  outer loop
   vertex 0.00312991 0.0107976 0.15
   vertex 0.0029419 0.0109309 0.15
   vertex 0.00312991 0.0107976 -0.15
  endloop
 endfacet
 facet normal -0.578383 -0.815766 0
  outer loop
   vertex 0.00312991 0.0107976 -0.15
   vertex 0.0029419 0.0109309 0.15
   vertex 0.0029419 0.0109309 -0.15
  endloop
 endfacet
 facet normal -0.545018 -0.838424 -0
  outer loop
   vertex 0.0029419 0.0109309 0.15
   vertex 0.0027513 0.0110548 0.15
   vertex 0.0029419 0.0109309 -0.15
  endloop
 endfacet
 facet normal -0.545018 -0.838424 0
  outer loop
   vertex 0.0029419 0.0109309 -0.15
   vertex 0.0027513 0.0110548 0.15
   vertex 0.0027513 0.0110548 -0.15
  endloop
 endfacet
 facet normal -0.510332 -0.859978 -0
  outer loop
   vertex 0.0027513 0.0110548 0.15
   vertex 0.00255751 0.0111698 0.15
   vertex 0.0027513 0.0110548 -0.15
  endloop
 endfacet
 facet normal -0.510332 -0.859978 0
  outer loop
   vertex 0.0027513 0.0110548 -0.15
   vertex 0.00255751 0.0111698 0.15
   vertex 0.00255751 0.0111698 -0.15
  endloop
 endfacet
 facet normal -0.47479 -0.880099 -0
  outer loop
   vertex 0.00255751 0.0111698 0.15
   vertex 0.00235991 0.0112764 0.15
   vertex 0.00255751 0.0111698 -0.15
  endloop
 endfacet
 facet normal -0.47479 -0.880099 0
  outer loop
   vertex 0.00255751 0.0111698 -0.15
   vertex 0.00235991 0.0112764 0.15
   vertex 0.00235991 0.0112764 -0.15
  endloop
 endfacet
 facet normal -0.438476 -0.898743 -0
  outer loop
   vertex 0.00235991 0.0112764 0.15
   vertex 0.00215781 0.011375 0.15
   vertex 0.00235991 0.0112764 -0.15
  endloop
 endfacet
 facet normal -0.438476 -0.898743 0
  outer loop
   vertex 0.00235991 0.0112764 -0.15
   vertex 0.00215781 0.011375 0.15
   vertex 0.00215781 0.011375 -0.15
  endloop
 endfacet
 facet normal -0.400747 -0.916189 -0
  outer loop
   vertex 0.00215781 0.011375 0.15
   vertex 0.00195045 0.0114657 0.15
   vertex 0.00215781 0.011375 -0.15
  endloop
 endfacet
 facet normal -0.400747 -0.916189 0
  outer loop
   vertex 0.00215781 0.011375 -0.15
   vertex 0.00195045 0.0114657 0.15
   vertex 0.00195045 0.0114657 -0.15
  endloop
 endfacet
 facet normal -0.362794 -0.931869 -0
  outer loop
   vertex 0.00195045 0.0114657 0.15
   vertex 0.001737 0.0115488 0.15
   vertex 0.00195045 0.0114657 -0.15
  endloop
 endfacet
 facet normal -0.362794 -0.931869 0
  outer loop
   vertex 0.00195045 0.0114657 -0.15
   vertex 0.001737 0.0115488 0.15
   vertex 0.001737 0.0115488 -0.15
  endloop
 endfacet
 facet normal -0.323965 -0.946069 -0
  outer loop
   vertex 0.001737 0.0115488 0.15
   vertex 0.00151652 0.0116243 0.15
   vertex 0.001737 0.0115488 -0.15
  endloop
 endfacet
 facet normal -0.323965 -0.946069 0
  outer loop
   vertex 0.001737 0.0115488 -0.15
   vertex 0.00151652 0.0116243 0.15
   vertex 0.00151652 0.0116243 -0.15
  endloop
 endfacet
 facet normal -0.284027 -0.958816 -0
  outer loop
   vertex 0.00151652 0.0116243 0.15
   vertex 0.00128798 0.011692 0.15
   vertex 0.00151652 0.0116243 -0.15
  endloop
 endfacet
 facet normal -0.284027 -0.958816 0
  outer loop
   vertex 0.00151652 0.0116243 -0.15
   vertex 0.00128798 0.011692 0.15
   vertex 0.00128798 0.011692 -0.15
  endloop
 endfacet
 facet normal -0.24388 -0.969805 -0
  outer loop
   vertex 0.00128798 0.011692 0.15
   vertex 0.00105018 0.0117518 0.15
   vertex 0.00128798 0.011692 -0.15
  endloop
 endfacet
 facet normal -0.24388 -0.969805 0
  outer loop
   vertex 0.00128798 0.011692 -0.15
   vertex 0.00105018 0.0117518 0.15
   vertex 0.00105018 0.0117518 -0.15
  endloop
 endfacet
 facet normal -0.202634 -0.979255 -0
  outer loop
   vertex 0.00105018 0.0117518 0.15
   vertex 0.000801784 0.0118032 0.15
   vertex 0.00105018 0.0117518 -0.15
  endloop
 endfacet
 facet normal -0.202634 -0.979255 0
  outer loop
   vertex 0.00105018 0.0117518 -0.15
   vertex 0.000801784 0.0118032 0.15
   vertex 0.000801784 0.0118032 -0.15
  endloop
 endfacet
 facet normal -0.161366 -0.986895 -0
  outer loop
   vertex 0.000801784 0.0118032 0.15
   vertex 0.000541245 0.0118458 0.15
   vertex 0.000801784 0.0118032 -0.15
  endloop
 endfacet
 facet normal -0.161366 -0.986895 0
  outer loop
   vertex 0.000801784 0.0118032 -0.15
   vertex 0.000541245 0.0118458 0.15
   vertex 0.000541245 0.0118458 -0.15
  endloop
 endfacet
 facet normal -0.119492 -0.992835 -0
  outer loop
   vertex 0.000541245 0.0118458 0.15
   vertex 0.000267058 0.0118788 0.15
   vertex 0.000541245 0.0118458 -0.15
  endloop
 endfacet
 facet normal -0.119492 -0.992835 0
  outer loop
   vertex 0.000541245 0.0118458 -0.15
   vertex 0.000267058 0.0118788 0.15
   vertex 0.000267058 0.0118788 -0.15
  endloop
 endfacet
 facet normal -0.0791369 -0.996864 -0
  outer loop
   vertex 0.000267058 0.0118788 0.15
   vertex -2.91466e-18 0.0119 0.15
   vertex 0.000267058 0.0118788 -0.15
  endloop
 endfacet
 facet normal -0.0791369 -0.996864 0
  outer loop
   vertex 0.000267058 0.0118788 -0.15
   vertex -2.91466e-18 0.0119 0.15
   vertex -2.91466e-18 0.0119 -0.15
  endloop
 endfacet
 facet normal 0.0450437 -0.998985 0
  outer loop
   vertex -2.91466e-18 0.0119 -0.15
   vertex -2.91466e-18 0.0119 0.15
   vertex -0.000148592 0.0118933 0.15
  endloop
 endfacet
 facet normal 0.0450437 -0.998985 0
  outer loop
   vertex -2.91466e-18 0.0119 -0.15
   vertex -0.000148592 0.0118933 0.15
   vertex -0.000148592 0.0118933 -0.15
  endloop
 endfacet
 facet normal 0.0856713 -0.996323 0
  outer loop
   vertex -0.000148592 0.0118933 0.15
   vertex -0.000297452 0.0118805 0.15
   vertex -0.000148592 0.0118933 -0.15
  endloop
 endfacet
 facet normal 0.0856713 -0.996323 0
  outer loop
   vertex -0.000148592 0.0118933 -0.15
   vertex -0.000297452 0.0118805 0.15
   vertex -0.000297452 0.0118805 -0.15
  endloop
 endfacet
 facet normal 0.124542 -0.992214 0
  outer loop
   vertex -0.000297452 0.0118805 0.15
   vertex -0.00045918 0.0118602 0.15
   vertex -0.000297452 0.0118805 -0.15
  endloop
 endfacet
 facet normal 0.124542 -0.992214 0
  outer loop
   vertex -0.000297452 0.0118805 -0.15
   vertex -0.00045918 0.0118602 0.15
   vertex -0.00045918 0.0118602 -0.15
  endloop
 endfacet
 facet normal 0.162644 -0.986685 0
  outer loop
   vertex -0.00045918 0.0118602 0.15
   vertex -0.000635112 0.0118312 0.15
   vertex -0.00045918 0.0118602 -0.15
  endloop
 endfacet
 facet normal 0.162644 -0.986685 0
  outer loop
   vertex -0.00045918 0.0118602 -0.15
   vertex -0.000635112 0.0118312 0.15
   vertex -0.000635112 0.0118312 -0.15
  endloop
 endfacet
 facet normal 0.200967 -0.979598 0
  outer loop
   vertex -0.000635112 0.0118312 0.15
   vertex -0.000827162 0.0117918 0.15
   vertex -0.000635112 0.0118312 -0.15
  endloop
 endfacet
 facet normal 0.200967 -0.979598 0
  outer loop
   vertex -0.000635112 0.0118312 -0.15
   vertex -0.000827162 0.0117918 0.15
   vertex -0.000827162 0.0117918 -0.15
  endloop
 endfacet
 facet normal 0.238255 -0.971203 0
  outer loop
   vertex -0.000827162 0.0117918 0.15
   vertex -0.0010375 0.0117402 0.15
   vertex -0.000827162 0.0117918 -0.15
  endloop
 endfacet
 facet normal 0.238255 -0.971203 0
  outer loop
   vertex -0.000827162 0.0117918 -0.15
   vertex -0.0010375 0.0117402 0.15
   vertex -0.0010375 0.0117402 -0.15
  endloop
 endfacet
 facet normal 0.275753 -0.961228 0
  outer loop
   vertex -0.0010375 0.0117402 0.15
   vertex -0.00126861 0.0116739 0.15
   vertex -0.0010375 0.0117402 -0.15
  endloop
 endfacet
 facet normal 0.275753 -0.961228 0
  outer loop
   vertex -0.0010375 0.0117402 -0.15
   vertex -0.00126861 0.0116739 0.15
   vertex -0.00126861 0.0116739 -0.15
  endloop
 endfacet
 facet normal 0.312254 -0.949999 0
  outer loop
   vertex -0.00126861 0.0116739 0.15
   vertex -0.00152326 0.0115902 0.15
   vertex -0.00126861 0.0116739 -0.15
  endloop
 endfacet
 facet normal 0.312254 -0.949999 0
  outer loop
   vertex -0.00126861 0.0116739 -0.15
   vertex -0.00152326 0.0115902 0.15
   vertex -0.00152326 0.0115902 -0.15
  endloop
 endfacet
 facet normal 0.348539 -0.937294 0
  outer loop
   vertex -0.00152326 0.0115902 0.15
   vertex -0.00180455 0.0114856 0.15
   vertex -0.00152326 0.0115902 -0.15
  endloop
 endfacet
 facet normal 0.348539 -0.937294 0
  outer loop
   vertex -0.00152326 0.0115902 -0.15
   vertex -0.00180455 0.0114856 0.15
   vertex -0.00180455 0.0114856 -0.15
  endloop
 endfacet
 facet normal 0.383793 -0.923419 0
  outer loop
   vertex -0.00180455 0.0114856 0.15
   vertex -0.00211589 0.0113562 0.15
   vertex -0.00180455 0.0114856 -0.15
  endloop
 endfacet
 facet normal 0.383793 -0.923419 0
  outer loop
   vertex -0.00180455 0.0114856 -0.15
   vertex -0.00211589 0.0113562 0.15
   vertex -0.00211589 0.0113562 -0.15
  endloop
 endfacet
 facet normal 0.418794 -0.908081 0
  outer loop
   vertex -0.00211589 0.0113562 0.15
   vertex -0.00246087 0.0111971 0.15
   vertex -0.00211589 0.0113562 -0.15
  endloop
 endfacet
 facet normal 0.418794 -0.908081 0
  outer loop
   vertex -0.00211589 0.0113562 -0.15
   vertex -0.00246087 0.0111971 0.15
   vertex -0.00246087 0.0111971 -0.15
  endloop
 endfacet
 facet normal 0.452914 -0.891554 0
  outer loop
   vertex -0.00246087 0.0111971 0.15
   vertex -0.00284315 0.0110029 0.15
   vertex -0.00246087 0.0111971 -0.15
  endloop
 endfacet
 facet normal 0.452914 -0.891554 0
  outer loop
   vertex -0.00246087 0.0111971 -0.15
   vertex -0.00284315 0.0110029 0.15
   vertex -0.00284315 0.0110029 -0.15
  endloop
 endfacet
 facet normal 0.486712 -0.873562 0
  outer loop
   vertex -0.00284315 0.0110029 0.15
   vertex -0.00326619 0.0107672 0.15
   vertex -0.00284315 0.0110029 -0.15
  endloop
 endfacet
 facet normal 0.486712 -0.873562 0
  outer loop
   vertex -0.00284315 0.0110029 -0.15
   vertex -0.00326619 0.0107672 0.15
   vertex -0.00326619 0.0107672 -0.15
  endloop
 endfacet
 facet normal 0.519531 -0.854451 0
  outer loop
   vertex -0.00326619 0.0107672 0.15
   vertex -0.00373278 0.0104835 0.15
   vertex -0.00326619 0.0107672 -0.15
  endloop
 endfacet
 facet normal 0.519531 -0.854451 0
  outer loop
   vertex -0.00326619 0.0107672 -0.15
   vertex -0.00373278 0.0104835 0.15
   vertex -0.00373278 0.0104835 -0.15
  endloop
 endfacet
 facet normal 0.551816 -0.833966 0
  outer loop
   vertex -0.00373278 0.0104835 0.15
   vertex -0.00424451 0.0101449 0.15
   vertex -0.00373278 0.0104835 -0.15
  endloop
 endfacet
 facet normal 0.551816 -0.833966 0
  outer loop
   vertex -0.00373278 0.0104835 -0.15
   vertex -0.00424451 0.0101449 0.15
   vertex -0.00424451 0.0101449 -0.15
  endloop
 endfacet
 facet normal 0.583433 -0.812161 0
  outer loop
   vertex -0.00424451 0.0101449 0.15
   vertex -0.00480088 0.00974522 0.15
   vertex -0.00424451 0.0101449 -0.15
  endloop
 endfacet
 facet normal 0.583433 -0.812161 0
  outer loop
   vertex -0.00424451 0.0101449 -0.15
   vertex -0.00480088 0.00974522 0.15
   vertex -0.00480088 0.00974522 -0.15
  endloop
 endfacet
 facet normal 0.614527 -0.788896 0
  outer loop
   vertex -0.00480088 0.00974522 0.15
   vertex -0.00539845 0.00927973 0.15
   vertex -0.00480088 0.00974522 -0.15
  endloop
 endfacet
 facet normal 0.614527 -0.788896 0
  outer loop
   vertex -0.00480088 0.00974522 -0.15
   vertex -0.00539845 0.00927973 0.15
   vertex -0.00539845 0.00927973 -0.15
  endloop
 endfacet
 facet normal 0.644986 -0.764194 0
  outer loop
   vertex -0.00539845 0.00927973 0.15
   vertex -0.00602996 0.00874673 0.15
   vertex -0.00539845 0.00927973 -0.15
  endloop
 endfacet
 facet normal 0.644986 -0.764194 0
  outer loop
   vertex -0.00539845 0.00927973 -0.15
   vertex -0.00602996 0.00874673 0.15
   vertex -0.00602996 0.00874673 -0.15
  endloop
 endfacet
 facet normal 0.674859 -0.737947 0
  outer loop
   vertex -0.00602996 0.00874673 0.15
   vertex -0.00668394 0.00814866 0.15
   vertex -0.00602996 0.00874673 -0.15
  endloop
 endfacet
 facet normal 0.674859 -0.737947 0
  outer loop
   vertex -0.00602996 0.00874673 -0.15
   vertex -0.00668394 0.00814866 0.15
   vertex -0.00668394 0.00814866 -0.15
  endloop
 endfacet
 facet normal 0.697113 -0.716961 0
  outer loop
   vertex -0.00668394 0.00814866 0.15
   vertex -0.00702963 0.00781254 0.15
   vertex -0.00668394 0.00814866 -0.15
  endloop
 endfacet
 facet normal 0.697113 -0.716961 0
  outer loop
   vertex -0.00668394 0.00814866 -0.15
   vertex -0.00702963 0.00781254 0.15
   vertex -0.00702963 0.00781254 -0.15
  endloop
 endfacet
 facet normal 0.71923 -0.694772 0
  outer loop
   vertex -0.00702963 0.00781254 0.15
   vertex -0.00768951 0.00712943 0.15
   vertex -0.00702963 0.00781254 -0.15
  endloop
 endfacet
 facet normal 0.71923 -0.694772 0
  outer loop
   vertex -0.00702963 0.00781254 -0.15
   vertex -0.00768951 0.00712943 0.15
   vertex -0.00768951 0.00712943 -0.15
  endloop
 endfacet
 facet normal 0.747517 -0.664243 0
  outer loop
   vertex -0.00768951 0.00712943 0.15
   vertex -0.00832716 0.00641184 0.15
   vertex -0.00768951 0.00712943 -0.15
  endloop
 endfacet
 facet normal 0.747517 -0.664243 0
  outer loop
   vertex -0.00768951 0.00712943 -0.15
   vertex -0.00832716 0.00641184 0.15
   vertex -0.00832716 0.00641184 -0.15
  endloop
 endfacet
 facet normal 0.774944 -0.63203 0
  outer loop
   vertex -0.00832716 0.00641184 0.15
   vertex -0.00892773 0.00567547 0.15
   vertex -0.00832716 0.00641184 -0.15
  endloop
 endfacet
 facet normal 0.774944 -0.63203 0
  outer loop
   vertex -0.00832716 0.00641184 -0.15
   vertex -0.00892773 0.00567547 0.15
   vertex -0.00892773 0.00567547 -0.15
  endloop
 endfacet
 facet normal 0.801402 -0.598127 0
  outer loop
   vertex -0.00892773 0.00567547 0.15
   vertex -0.00947791 0.00493831 0.15
   vertex -0.00892773 0.00567547 -0.15
  endloop
 endfacet
 facet normal 0.801402 -0.598127 0
  outer loop
   vertex -0.00892773 0.00567547 -0.15
   vertex -0.00947791 0.00493831 0.15
   vertex -0.00947791 0.00493831 -0.15
  endloop
 endfacet
 facet normal 0.825396 -0.564554 0
  outer loop
   vertex -0.00947791 0.00493831 0.15
   vertex -0.00991922 0.0042931 0.15
   vertex -0.00947791 0.00493831 -0.15
  endloop
 endfacet
 facet normal 0.825396 -0.564554 0
  outer loop
   vertex -0.00947791 0.00493831 -0.15
   vertex -0.00991922 0.0042931 0.15
   vertex -0.00991922 0.0042931 -0.15
  endloop
 endfacet
 facet normal 0.846814 -0.531889 0
  outer loop
   vertex -0.00991922 0.0042931 0.15
   vertex -0.0103083 0.00367365 0.15
   vertex -0.00991922 0.0042931 -0.15
  endloop
 endfacet
 facet normal 0.846814 -0.531889 0
  outer loop
   vertex -0.00991922 0.0042931 -0.15
   vertex -0.0103083 0.00367365 0.15
   vertex -0.0103083 0.00367365 -0.15
  endloop
 endfacet
 facet normal 0.867003 -0.498302 0
  outer loop
   vertex -0.0103083 0.00367365 0.15
   vertex -0.0106473 0.00308382 0.15
   vertex -0.0103083 0.00367365 -0.15
  endloop
 endfacet
 facet normal 0.867003 -0.498302 0
  outer loop
   vertex -0.0103083 0.00367365 -0.15
   vertex -0.0106473 0.00308382 0.15
   vertex -0.0106473 0.00308382 -0.15
  endloop
 endfacet
 facet normal 0.885797 -0.464072 0
  outer loop
   vertex -0.0106473 0.00308382 0.15
   vertex -0.0109399 0.00252532 0.15
   vertex -0.0106473 0.00308382 -0.15
  endloop
 endfacet
 facet normal 0.885797 -0.464072 0
  outer loop
   vertex -0.0106473 0.00308382 -0.15
   vertex -0.0109399 0.00252532 0.15
   vertex -0.0109399 0.00252532 -0.15
  endloop
 endfacet
 facet normal 0.903269 -0.429076 0
  outer loop
   vertex -0.0109399 0.00252532 0.15
   vertex -0.0111902 0.0019984 0.15
   vertex -0.0109399 0.00252532 -0.15
  endloop
 endfacet
 facet normal 0.903269 -0.429076 0
  outer loop
   vertex -0.0109399 0.00252532 -0.15
   vertex -0.0111902 0.0019984 0.15
   vertex -0.0111902 0.0019984 -0.15
  endloop
 endfacet
 facet normal 0.919297 -0.393564 0
  outer loop
   vertex -0.0111902 0.0019984 0.15
   vertex -0.0114026 0.00150227 0.15
   vertex -0.0111902 0.0019984 -0.15
  endloop
 endfacet
 facet normal 0.919297 -0.393564 0
  outer loop
   vertex -0.0111902 0.0019984 -0.15
   vertex -0.0114026 0.00150227 0.15
   vertex -0.0114026 0.00150227 -0.15
  endloop
 endfacet
 facet normal 0.934033 -0.357187 0
  outer loop
   vertex -0.0114026 0.00150227 0.15
   vertex -0.0115811 0.0010355 0.15
   vertex -0.0114026 0.00150227 -0.15
  endloop
 endfacet
 facet normal 0.934033 -0.357187 0
  outer loop
   vertex -0.0114026 0.00150227 -0.15
   vertex -0.0115811 0.0010355 0.15
   vertex -0.0115811 0.0010355 -0.15
  endloop
 endfacet
 facet normal 0.947252 -0.320489 0
  outer loop
   vertex -0.0115811 0.0010355 0.15
   vertex -0.0117297 0.000596291 0.15
   vertex -0.0115811 0.0010355 -0.15
  endloop
 endfacet
 facet normal 0.947252 -0.320489 0
  outer loop
   vertex -0.0115811 0.0010355 -0.15
   vertex -0.0117297 0.000596291 0.15
   vertex -0.0117297 0.000596291 -0.15
  endloop
 endfacet
 facet normal 0.959145 -0.282914 0
  outer loop
   vertex -0.0117297 0.000596291 0.15
   vertex -0.0118517 0.00018268 0.15
   vertex -0.0117297 0.000596291 -0.15
  endloop
 endfacet
 facet normal 0.959145 -0.282914 0
  outer loop
   vertex -0.0117297 0.000596291 -0.15
   vertex -0.0118517 0.00018268 0.15
   vertex -0.0118517 0.00018268 -0.15
  endloop
 endfacet
 facet normal 0.966779 -0.255615 0
  outer loop
   vertex -0.0118517 0.00018268 0.15
   vertex -0.0119 -0 0.15
   vertex -0.0118517 0.00018268 -0.15
  endloop
 endfacet
 facet normal 0.966779 -0.255615 0
  outer loop
   vertex -0.0118517 0.00018268 -0.15
   vertex -0.0119 -0 0.15
   vertex -0.0119 -0 -0.15
  endloop
 endfacet
endsolid zone0
